tc,Energy,Dissipation Rate, Enstrophy
0.0099982,0.12499,0.00048625,0.37437
0.019996,0.12499,0.00048625,0.37436
0.029995,0.12498,0.00047432,0.37437
0.039993,0.12498,0.00046999,0.37438
0.049991,0.12498,0.00046815,0.3744
0.059989,0.12497,0.00046716,0.37443
0.069987,0.12497,0.00046653,0.37447
0.079985,0.12496,0.0004661,0.37452
0.089984,0.12496,0.00046578,0.37457
0.099982,0.12495,0.00046549,0.37463
0.10998,0.12495,0.00046515,0.3747
0.11998,0.12494,0.00046465,0.37477
0.12998,0.12494,0.00046393,0.37486
0.13997,0.12493,0.00046298,0.37495
0.14997,0.12493,0.00046182,0.37505
0.15997,0.12492,0.00046052,0.37516
0.16997,0.12492,0.00045914,0.37527
0.17997,0.12492,0.00045777,0.3754
0.18997,0.12491,0.00045644,0.37553
0.19996,0.12491,0.00045518,0.37567
0.20996,0.1249,0.00045398,0.37581
0.21996,0.1249,0.00045281,0.37597
0.22996,0.12489,0.00045166,0.37613
0.23996,0.12489,0.00045052,0.3763
0.24995,0.12488,0.00044939,0.37648
0.25995,0.12488,0.00044827,0.37667
0.26995,0.12487,0.00044719,0.37687
0.27995,0.12487,0.00044618,0.37707
0.28995,0.12487,0.00044524,0.37728
0.29995,0.12486,0.00044442,0.3775
0.30994,0.12486,0.00044372,0.37773
0.31994,0.12485,0.00044319,0.37797
0.32994,0.12485,0.00044284,0.37821
0.33994,0.12484,0.00044268,0.37846
0.34994,0.12484,0.0004427,0.37872
0.35993,0.12483,0.0004429,0.37899
0.36993,0.12483,0.00044324,0.37927
0.37993,0.12483,0.00044368,0.37955
0.38993,0.12482,0.00044419,0.37985
0.39993,0.12482,0.00044474,0.38015
0.40993,0.12481,0.0004453,0.38046
0.41992,0.12481,0.00044584,0.38078
0.42992,0.1248,0.00044635,0.3811
0.43992,0.1248,0.00044679,0.38144
0.44992,0.12479,0.00044714,0.38178
0.45992,0.12479,0.00044737,0.38213
0.46991,0.12479,0.00044743,0.38249
0.47991,0.12478,0.00044733,0.38286
0.48991,0.12478,0.00044706,0.38323
0.49991,0.12477,0.00044665,0.38362
0.50991,0.12477,0.00044617,0.38401
0.51991,0.12476,0.0004457,0.38441
0.5299,0.12476,0.00044531,0.38483
0.5399,0.12475,0.00044508,0.38525
0.5499,0.12475,0.00044505,0.38567
0.5599,0.12475,0.00044523,0.38611
0.5699,0.12474,0.00044561,0.38656
0.57989,0.12474,0.00044614,0.38701
0.58989,0.12473,0.00044678,0.38748
0.59989,0.12473,0.00044749,0.38795
0.60989,0.12472,0.00044822,0.38843
0.61989,0.12472,0.00044894,0.38892
0.62989,0.12471,0.00044962,0.38942
0.63988,0.12471,0.00045025,0.38993
0.64988,0.12471,0.00045079,0.39044
0.65988,0.1247,0.00045121,0.39097
0.66988,0.1247,0.00045147,0.3915
0.67988,0.12469,0.00045155,0.39205
0.68987,0.12469,0.00045143,0.3926
0.69987,0.12468,0.00045111,0.39316
0.70987,0.12468,0.00045064,0.39373
0.71987,0.12467,0.00045007,0.39432
0.72987,0.12467,0.00044947,0.39491
0.73986,0.12466,0.0004489,0.39551
0.74986,0.12466,0.00044846,0.39612
0.75986,0.12466,0.00044818,0.39673
0.76986,0.12465,0.00044811,0.39736
0.77986,0.12465,0.00044828,0.398
0.78986,0.12464,0.00044865,0.39865
0.79985,0.12464,0.00044922,0.39931
0.80985,0.12463,0.00045003,0.39997
0.81985,0.12463,0.00045101,0.40065
0.82985,0.12462,0.00045213,0.40134
0.83985,0.12462,0.00045333,0.40203
0.84984,0.12461,0.0004546,0.40274
0.85984,0.12461,0.00045589,0.40345
0.86984,0.12461,0.0004572,0.40418
0.87984,0.1246,0.0004585,0.40491
0.88984,0.1246,0.00045971,0.40566
0.89984,0.12459,0.00046085,0.40642
0.90983,0.12459,0.00046185,0.40718
0.91983,0.12458,0.00046277,0.40796
0.92983,0.12458,0.00046368,0.40874
0.93983,0.12457,0.00046457,0.40954
0.94983,0.12457,0.00046547,0.41035
0.95982,0.12456,0.00046643,0.41116
0.96982,0.12456,0.00046747,0.41199
0.97982,0.12455,0.00046864,0.41283
0.98982,0.12455,0.00046997,0.41368
0.99982,0.12455,0.00047146,0.41454
1.0098,0.12454,0.0004731,0.41541
1.0198,0.12454,0.00047488,0.41629
1.0298,0.12453,0.00047674,0.41718
1.0398,0.12453,0.00047864,0.41808
1.0498,0.12452,0.00048053,0.419
1.0598,0.12452,0.00048235,0.41992
1.0698,0.12451,0.00048406,0.42086
1.0798,0.12451,0.00048561,0.4218
1.0898,0.1245,0.00048698,0.42276
1.0998,0.1245,0.00048812,0.42373
1.1098,0.12449,0.00048904,0.42471
1.1198,0.12449,0.00048971,0.4257
1.1298,0.12448,0.00049016,0.4267
1.1398,0.12448,0.00049042,0.42771
1.1498,0.12447,0.00049054,0.42874
1.1598,0.12447,0.00049058,0.42978
1.1698,0.12446,0.00049064,0.43082
1.1798,0.12446,0.00049079,0.43188
1.1898,0.12445,0.00049113,0.43296
1.1998,0.12445,0.00049171,0.43404
1.2098,0.12444,0.0004926,0.43513
1.2198,0.12444,0.00049382,0.43624
1.2298,0.12443,0.00049536,0.43736
1.2398,0.12443,0.00049723,0.43849
1.2498,0.12442,0.00049937,0.43964
1.2598,0.12442,0.00050173,0.44079
1.2698,0.12441,0.00050425,0.44196
1.2798,0.12441,0.00050687,0.44314
1.2898,0.1244,0.00050951,0.44433
1.2998,0.1244,0.0005121,0.44553
1.3098,0.12439,0.0005146,0.44675
1.3198,0.12439,0.00051695,0.44798
1.3298,0.12438,0.00051912,0.44922
1.3398,0.12438,0.00052111,0.45048
1.3498,0.12437,0.00052291,0.45174
1.3598,0.12437,0.00052454,0.45302
1.3697,0.12436,0.00052606,0.45432
1.3797,0.12436,0.00052749,0.45562
1.3897,0.12435,0.00052889,0.45694
1.3997,0.12435,0.00053033,0.45827
1.4097,0.12434,0.00053185,0.45962
1.4197,0.12434,0.00053349,0.46098
1.4297,0.12433,0.0005353,0.46235
1.4397,0.12432,0.00053729,0.46373
1.4497,0.12432,0.00053947,0.46513
1.4597,0.12431,0.00054182,0.46654
1.4697,0.12431,0.00054431,0.46797
1.4797,0.1243,0.0005469,0.46941
1.4897,0.1243,0.00054955,0.47086
1.4997,0.12429,0.00055221,0.47233
1.5097,0.12429,0.00055484,0.47381
1.5197,0.12428,0.0005574,0.4753
1.5297,0.12428,0.00055987,0.47681
1.5397,0.12427,0.00056222,0.47833
1.5497,0.12426,0.00056443,0.47987
1.5597,0.12426,0.00056651,0.48142
1.5697,0.12425,0.00056846,0.48298
1.5797,0.12425,0.00057028,0.48456
1.5897,0.12424,0.00057199,0.48616
1.5997,0.12424,0.00057363,0.48777
1.6097,0.12423,0.00057522,0.48939
1.6197,0.12422,0.00057681,0.49103
1.6297,0.12422,0.00057843,0.49268
1.6397,0.12421,0.00058014,0.49435
1.6497,0.12421,0.00058196,0.49603
1.6597,0.1242,0.00058392,0.49772
1.6697,0.1242,0.00058604,0.49944
1.6797,0.12419,0.00058834,0.50116
1.6897,0.12418,0.0005908,0.50291
1.6997,0.12418,0.00059342,0.50466
1.7097,0.12417,0.00059618,0.50644
1.7197,0.12417,0.00059907,0.50823
1.7297,0.12416,0.00060204,0.51003
1.7397,0.12415,0.00060509,0.51185
1.7497,0.12415,0.00060817,0.51369
1.7597,0.12414,0.00061126,0.51554
1.7697,0.12414,0.00061432,0.51741
1.7797,0.12413,0.00061732,0.51929
1.7897,0.12412,0.00062025,0.52119
1.7997,0.12412,0.00062307,0.5231
1.8097,0.12411,0.0006258,0.52503
1.8197,0.1241,0.00062843,0.52698
1.8297,0.1241,0.00063099,0.52895
1.8397,0.12409,0.00063349,0.53093
1.8497,0.12409,0.00063598,0.53292
1.8597,0.12408,0.00063851,0.53494
1.8697,0.12407,0.0006411,0.53697
1.8797,0.12407,0.00064381,0.53902
1.8897,0.12406,0.00064665,0.54108
1.8997,0.12405,0.00064964,0.54316
1.9097,0.12405,0.00065278,0.54526
1.9196,0.12404,0.00065607,0.54737
1.9296,0.12403,0.00065948,0.54951
1.9396,0.12403,0.00066299,0.55166
1.9496,0.12402,0.00066656,0.55382
1.9596,0.12401,0.00067015,0.55601
1.9696,0.12401,0.00067371,0.55821
1.9796,0.124,0.0006772,0.56043
1.9896,0.12399,0.00068059,0.56267
1.9996,0.12399,0.00068383,0.56492
2.0096,0.12398,0.00068691,0.56719
2.0196,0.12397,0.00068983,0.56949
2.0296,0.12397,0.00069258,0.57179
2.0396,0.12396,0.00069519,0.57412
2.0496,0.12395,0.00069769,0.57647
2.0596,0.12395,0.00070014,0.57883
2.0696,0.12394,0.00070257,0.58121
2.0796,0.12393,0.00070505,0.58361
2.0896,0.12392,0.00070763,0.58603
2.0996,0.12392,0.00071035,0.58847
2.1096,0.12391,0.00071325,0.59093
2.1196,0.1239,0.00071634,0.5934
2.1296,0.1239,0.00071963,0.5959
2.1396,0.12389,0.00072312,0.59841
2.1496,0.12388,0.00072679,0.60094
2.1596,0.12387,0.00073062,0.6035
2.1696,0.12387,0.00073456,0.60607
2.1796,0.12386,0.0007386,0.60866
2.1896,0.12385,0.00074267,0.61127
2.1996,0.12384,0.00074676,0.6139
2.2096,0.12384,0.00075082,0.61655
2.2196,0.12383,0.00075482,0.61922
2.2296,0.12382,0.00075876,0.62191
2.2396,0.12381,0.00076262,0.62461
2.2496,0.12381,0.0007664,0.62734
2.2596,0.1238,0.00077012,0.63009
2.2696,0.12379,0.0007738,0.63286
2.2796,0.12378,0.00077746,0.63565
2.2896,0.12378,0.00078114,0.63846
2.2996,0.12377,0.00078487,0.64129
2.3096,0.12376,0.00078866,0.64414
2.3196,0.12375,0.00079255,0.64701
2.3296,0.12374,0.00079652,0.6499
2.3396,0.12374,0.00080058,0.65282
2.3496,0.12373,0.00080473,0.65575
2.3596,0.12372,0.00080892,0.65871
2.3696,0.12371,0.00081316,0.66168
2.3796,0.1237,0.00081739,0.66468
2.3896,0.1237,0.00082161,0.6677
2.3996,0.12369,0.00082578,0.67074
2.4096,0.12368,0.00082989,0.6738
2.4196,0.12367,0.00083392,0.67688
2.4296,0.12366,0.00083787,0.67999
2.4396,0.12365,0.00084174,0.68311
2.4496,0.12365,0.00084554,0.68626
2.4596,0.12364,0.0008493,0.68943
2.4695,0.12363,0.00085304,0.69263
2.4795,0.12362,0.0008568,0.69584
2.4895,0.12361,0.00086061,0.69908
2.4995,0.1236,0.00086451,0.70234
2.5095,0.12359,0.00086853,0.70562
2.5195,0.12359,0.00087268,0.70893
2.5295,0.12358,0.00087699,0.71225
2.5395,0.12357,0.00088145,0.7156
2.5495,0.12356,0.00088607,0.71898
2.5595,0.12355,0.00089083,0.72237
2.5695,0.12354,0.0008957,0.72579
2.5795,0.12353,0.00090065,0.72923
2.5895,0.12352,0.00090565,0.7327
2.5995,0.12351,0.00091068,0.73619
2.6095,0.1235,0.00091569,0.7397
2.6195,0.1235,0.00092067,0.74324
2.6295,0.12349,0.00092559,0.7468
2.6395,0.12348,0.00093045,0.75038
2.6495,0.12347,0.00093524,0.75399
2.6595,0.12346,0.00093997,0.75762
2.6695,0.12345,0.00094465,0.76127
2.6795,0.12344,0.00094931,0.76496
2.6895,0.12343,0.00095396,0.76866
2.6995,0.12342,0.00095864,0.77239
2.7095,0.12341,0.00096338,0.77614
2.7195,0.1234,0.0009682,0.77992
2.7295,0.12339,0.00097312,0.78373
2.7395,0.12338,0.00097817,0.78756
2.7495,0.12337,0.00098333,0.79141
2.7595,0.12336,0.00098862,0.79529
2.7695,0.12335,0.00099402,0.7992
2.7795,0.12334,0.00099952,0.80313
2.7895,0.12333,0.0010051,0.80709
2.7995,0.12332,0.0010107,0.81107
2.8095,0.12331,0.0010163,0.81508
2.8195,0.1233,0.0010219,0.81911
2.8295,0.12329,0.0010274,0.82318
2.8395,0.12328,0.0010329,0.82727
2.8495,0.12327,0.0010384,0.83138
2.8595,0.12326,0.0010437,0.83552
2.8695,0.12325,0.001049,0.83969
2.8795,0.12324,0.0010542,0.84389
2.8895,0.12323,0.0010594,0.84812
2.8995,0.12322,0.0010645,0.85237
2.9095,0.12321,0.0010697,0.85665
2.9195,0.1232,0.0010749,0.86096
2.9295,0.12319,0.0010802,0.86529
2.9395,0.12318,0.0010855,0.86966
2.9495,0.12316,0.0010911,0.87405
2.9595,0.12315,0.0010967,0.87848
2.9695,0.12314,0.0011025,0.88293
2.9795,0.12313,0.0011085,0.88741
2.9895,0.12312,0.0011146,0.89192
2.9995,0.12311,0.0011208,0.89646
3.0095,0.1231,0.0011272,0.90103
3.0194,0.12309,0.0011336,0.90564
3.0294,0.12308,0.0011401,0.91027
3.0394,0.12306,0.0011467,0.91493
3.0494,0.12305,0.0011532,0.91963
3.0594,0.12304,0.0011597,0.92436
3.0694,0.12303,0.0011662,0.92911
3.0794,0.12302,0.0011727,0.93391
3.0894,0.12301,0.0011792,0.93873
3.0994,0.12299,0.0011856,0.94359
3.1094,0.12298,0.001192,0.94848
3.1194,0.12297,0.0011983,0.9534
3.1294,0.12296,0.0012047,0.95836
3.1394,0.12295,0.0012112,0.96335
3.1494,0.12293,0.0012177,0.96838
3.1594,0.12292,0.0012243,0.97344
3.1694,0.12291,0.001231,0.97854
3.1794,0.1229,0.0012378,0.98368
3.1894,0.12288,0.0012447,0.98885
3.1994,0.12287,0.0012518,0.99406
3.2094,0.12286,0.001259,0.9993
3.2194,0.12285,0.0012662,1.0046
3.2294,0.12283,0.0012736,1.0099
3.2394,0.12282,0.001281,1.0153
3.2494,0.12281,0.0012884,1.0207
3.2594,0.1228,0.0012958,1.0261
3.2694,0.12278,0.0013032,1.0316
3.2794,0.12277,0.0013106,1.0371
3.2894,0.12276,0.001318,1.0427
3.2994,0.12274,0.0013254,1.0483
3.3094,0.12273,0.0013328,1.054
3.3194,0.12272,0.0013401,1.0597
3.3294,0.1227,0.0013475,1.0654
3.3394,0.12269,0.001355,1.0712
3.3494,0.12268,0.0013625,1.077
3.3594,0.12266,0.0013701,1.0829
3.3694,0.12265,0.0013779,1.0888
3.3794,0.12263,0.0013858,1.0948
3.3894,0.12262,0.0013939,1.1008
3.3994,0.12261,0.0014021,1.1069
3.4094,0.12259,0.0014105,1.113
3.4194,0.12258,0.0014191,1.1192
3.4294,0.12256,0.0014278,1.1255
3.4394,0.12255,0.0014366,1.1317
3.4494,0.12254,0.0014456,1.1381
3.4594,0.12252,0.0014547,1.1445
3.4694,0.12251,0.0014639,1.1509
3.4794,0.12249,0.0014731,1.1575
3.4894,0.12248,0.0014824,1.164
3.4994,0.12246,0.0014918,1.1707
3.5094,0.12245,0.0015012,1.1773
3.5194,0.12243,0.0015107,1.1841
3.5294,0.12242,0.0015202,1.1909
3.5394,0.1224,0.0015297,1.1978
3.5494,0.12239,0.0015394,1.2048
3.5594,0.12237,0.0015491,1.2118
3.5693,0.12236,0.0015589,1.2189
3.5793,0.12234,0.0015688,1.226
3.5893,0.12232,0.0015788,1.2332
3.5993,0.12231,0.001589,1.2405
3.6093,0.12229,0.0015993,1.2479
3.6193,0.12228,0.0016098,1.2553
3.6293,0.12226,0.0016204,1.2629
3.6393,0.12224,0.0016312,1.2705
3.6493,0.12223,0.0016422,1.2781
3.6593,0.12221,0.0016533,1.2859
3.6693,0.12219,0.0016646,1.2937
3.6793,0.12218,0.0016761,1.3016
3.6893,0.12216,0.0016877,1.3096
3.6993,0.12214,0.0016995,1.3177
3.7093,0.12213,0.0017115,1.3259
3.7193,0.12211,0.0017236,1.3341
3.7293,0.12209,0.0017359,1.3425
3.7393,0.12208,0.0017483,1.3509
3.7493,0.12206,0.0017608,1.3594
3.7593,0.12204,0.0017735,1.368
3.7693,0.12202,0.0017863,1.3767
3.7793,0.122,0.0017993,1.3855
3.7893,0.12199,0.0018125,1.3944
3.7993,0.12197,0.0018259,1.4034
3.8093,0.12195,0.0018395,1.4125
3.8193,0.12193,0.0018533,1.4216
3.8293,0.12191,0.0018673,1.4309
3.8393,0.12189,0.0018815,1.4403
3.8493,0.12188,0.001896,1.4497
3.8593,0.12186,0.0019108,1.4593
3.8693,0.12184,0.0019258,1.469
3.8793,0.12182,0.001941,1.4787
3.8893,0.1218,0.0019565,1.4886
3.8993,0.12178,0.0019722,1.4986
3.9093,0.12176,0.0019881,1.5087
3.9193,0.12174,0.0020043,1.5188
3.9293,0.12172,0.0020207,1.5291
3.9393,0.1217,0.0020373,1.5395
3.9493,0.12168,0.0020541,1.5499
3.9593,0.12166,0.0020711,1.5605
3.9693,0.12164,0.0020882,1.5712
3.9793,0.12162,0.0021054,1.582
3.9893,0.12159,0.0021228,1.5929
3.9993,0.12157,0.0021404,1.6038
4.0093,0.12155,0.0021581,1.6149
4.0193,0.12153,0.0021761,1.6261
4.0293,0.12151,0.0021944,1.6374
4.0393,0.12149,0.0022128,1.6488
4.0493,0.12146,0.0022314,1.6603
4.0593,0.12144,0.0022503,1.6718
4.0693,0.12142,0.0022693,1.6835
4.0793,0.1214,0.0022885,1.6953
4.0893,0.12137,0.002308,1.7072
4.0993,0.12135,0.0023278,1.7191
4.1092,0.12133,0.0023478,1.7312
4.1192,0.1213,0.0023679,1.7434
4.1292,0.12128,0.0023883,1.7556
4.1392,0.12126,0.0024087,1.768
4.1492,0.12123,0.0024294,1.7804
4.1592,0.12121,0.0024502,1.7929
4.1692,0.12118,0.0024712,1.8056
4.1792,0.12116,0.0024923,1.8183
4.1892,0.12113,0.0025135,1.8311
4.1992,0.12111,0.0025348,1.844
4.2092,0.12108,0.0025562,1.857
4.2192,0.12106,0.0025777,1.8701
4.2292,0.12103,0.0025993,1.8832
4.2392,0.121,0.0026209,1.8965
4.2492,0.12098,0.0026427,1.9098
4.2592,0.12095,0.0026645,1.9232
4.2692,0.12092,0.0026865,1.9367
4.2792,0.1209,0.0027086,1.9503
4.2892,0.12087,0.0027308,1.964
4.2992,0.12084,0.0027532,1.9777
4.3092,0.12081,0.0027758,1.9915
4.3192,0.12079,0.0027984,2.0054
4.3292,0.12076,0.0028209,2.0194
4.3392,0.12073,0.0028435,2.0334
4.3492,0.1207,0.0028661,2.0476
4.3592,0.12067,0.0028887,2.0617
4.3692,0.12064,0.0029114,2.076
4.3792,0.12062,0.0029341,2.0903
4.3892,0.12059,0.0029567,2.1047
4.3992,0.12056,0.0029793,2.1192
4.4092,0.12053,0.0030019,2.1337
4.4192,0.1205,0.0030244,2.1483
4.4292,0.12047,0.003047,2.1629
4.4392,0.12044,0.0030693,2.1776
4.4492,0.1204,0.0030915,2.1924
4.4592,0.12037,0.0031136,2.2072
4.4692,0.12034,0.0031356,2.222
4.4792,0.12031,0.0031575,2.2369
4.4892,0.12028,0.0031794,2.2519
4.4992,0.12025,0.0032014,2.2669
4.5092,0.12021,0.0032234,2.2819
4.5192,0.12018,0.0032456,2.2969
4.5292,0.12015,0.0032676,2.312
4.5392,0.12012,0.0032896,2.3272
4.5492,0.12008,0.0033116,2.3423
4.5592,0.12005,0.0033336,2.3575
4.5692,0.12002,0.0033555,2.3727
4.5792,0.11998,0.0033773,2.3879
4.5892,0.11995,0.003399,2.4031
4.5992,0.11992,0.0034208,2.4184
4.6092,0.11988,0.0034427,2.4337
4.6192,0.11985,0.0034647,2.4489
4.6292,0.11981,0.0034867,2.4642
4.6392,0.11978,0.0035086,2.4795
4.6492,0.11974,0.0035306,2.4948
4.6591,0.11971,0.0035525,2.51
4.6691,0.11967,0.0035744,2.5253
4.6791,0.11964,0.0035962,2.5406
4.6891,0.1196,0.0036178,2.5558
4.6991,0.11956,0.0036392,2.571
4.7091,0.11953,0.0036606,2.5862
4.7191,0.11949,0.0036818,2.6013
4.7291,0.11945,0.0037029,2.6164
4.7391,0.11942,0.0037239,2.6315
4.7491,0.11938,0.0037447,2.6466
4.7591,0.11934,0.0037655,2.6616
4.7691,0.1193,0.0037861,2.6766
4.7791,0.11927,0.0038065,2.6915
4.7891,0.11923,0.0038268,2.7064
4.7991,0.11919,0.0038467,2.7212
4.8091,0.11915,0.0038663,2.7359
4.8191,0.11911,0.0038857,2.7506
4.8291,0.11907,0.003905,2.7652
4.8391,0.11903,0.0039242,2.7798
4.8491,0.11899,0.0039432,2.7942
4.8591,0.11895,0.0039621,2.8087
4.8691,0.11891,0.0039808,2.823
4.8791,0.11887,0.0039992,2.8372
4.8891,0.11883,0.0040175,2.8514
4.8991,0.11879,0.0040356,2.8655
4.9091,0.11875,0.0040537,2.8795
4.9191,0.11871,0.0040716,2.8935
4.9291,0.11867,0.0040895,2.9073
4.9391,0.11863,0.0041074,2.921
4.9491,0.11859,0.004125,2.9347
4.9591,0.11855,0.0041423,2.9482
4.9691,0.11851,0.0041595,2.9617
4.9791,0.11847,0.0041767,2.9751
4.9891,0.11842,0.0041937,2.9883
4.9991,0.11838,0.0042107,3.0015
5.0091,0.11834,0.0042276,3.0146
5.0191,0.1183,0.0042442,3.0275
5.0291,0.11825,0.0042608,3.0404
5.0391,0.11821,0.0042773,3.0532
5.0491,0.11817,0.0042938,3.0658
5.0591,0.11813,0.0043103,3.0784
5.0691,0.11808,0.0043265,3.0909
5.0791,0.11804,0.0043424,3.1032
5.0891,0.118,0.0043582,3.1155
5.0991,0.11795,0.0043738,3.1277
5.1091,0.11791,0.0043894,3.1397
5.1191,0.11786,0.0044052,3.1517
5.1291,0.11782,0.0044206,3.1635
5.1391,0.11778,0.0044358,3.1753
5.1491,0.11773,0.004451,3.187
5.1591,0.11769,0.0044659,3.1986
5.1691,0.11764,0.0044807,3.21
5.1791,0.1176,0.0044954,3.2214
5.1891,0.11755,0.00451,3.2327
5.1991,0.11751,0.0045244,3.2439
5.209,0.11746,0.0045389,3.255
5.219,0.11742,0.0045532,3.266
5.229,0.11737,0.0045673,3.277
5.239,0.11733,0.0045813,3.2878
5.249,0.11728,0.0045953,3.2986
5.259,0.11723,0.0046093,3.3093
5.269,0.11719,0.0046232,3.3199
5.279,0.11714,0.0046369,3.3304
5.289,0.11709,0.0046503,3.3409
5.299,0.11705,0.0046637,3.3513
5.309,0.117,0.0046772,3.3615
5.319,0.11695,0.0046905,3.3718
5.329,0.11691,0.0047032,3.3819
5.339,0.11686,0.0047161,3.392
5.349,0.11681,0.004729,3.402
5.359,0.11677,0.0047415,3.412
5.369,0.11672,0.0047538,3.4219
5.379,0.11667,0.0047659,3.4317
5.389,0.11662,0.0047781,3.4415
5.399,0.11658,0.0047903,3.4513
5.409,0.11653,0.0048023,3.461
5.419,0.11648,0.0048143,3.4707
5.429,0.11643,0.0048264,3.4803
5.439,0.11638,0.0048386,3.4899
5.449,0.11633,0.0048504,3.4994
5.459,0.11629,0.004862,3.509
5.469,0.11624,0.0048739,3.5185
5.479,0.11619,0.0048859,3.5279
5.489,0.11614,0.0048979,3.5374
5.499,0.11609,0.0049099,3.5468
5.509,0.11604,0.0049219,3.5563
5.519,0.11599,0.0049338,3.5657
5.529,0.11594,0.0049454,3.5751
5.539,0.11589,0.004957,3.5845
5.549,0.11584,0.0049687,3.5939
5.559,0.11579,0.0049804,3.6033
5.569,0.11574,0.0049924,3.6128
5.579,0.11569,0.0050043,3.6222
5.589,0.11564,0.0050159,3.6317
5.599,0.11559,0.0050277,3.6412
5.609,0.11554,0.0050397,3.6507
5.619,0.11549,0.0050518,3.6603
5.629,0.11544,0.0050638,3.6698
5.639,0.11539,0.0050762,3.6794
5.649,0.11534,0.0050887,3.6891
5.659,0.11529,0.0051013,3.6987
5.669,0.11524,0.005114,3.7084
5.679,0.11519,0.0051267,3.7181
5.689,0.11514,0.0051394,3.7279
5.699,0.11509,0.0051523,3.7377
5.709,0.11503,0.0051652,3.7476
5.719,0.11498,0.0051786,3.7575
5.729,0.11493,0.0051923,3.7674
5.739,0.11488,0.0052062,3.7774
5.749,0.11483,0.0052199,3.7875
5.7589,0.11477,0.0052337,3.7976
5.7689,0.11472,0.0052478,3.8077
5.7789,0.11467,0.0052622,3.818
5.7889,0.11462,0.0052765,3.8282
5.7989,0.11456,0.0052911,3.8386
5.8089,0.11451,0.0053057,3.849
5.8189,0.11446,0.0053205,3.8594
5.8289,0.1144,0.0053355,3.87
5.8389,0.11435,0.005351,3.8806
5.8489,0.1143,0.0053671,3.8912
5.8589,0.11424,0.0053835,3.902
5.8689,0.11419,0.0053998,3.9128
5.8789,0.11414,0.0054162,3.9237
5.8889,0.11408,0.0054328,3.9346
5.8989,0.11403,0.00545,3.9456
5.9089,0.11397,0.0054673,3.9567
5.9189,0.11392,0.0054848,3.9679
5.9289,0.11386,0.0055024,3.9791
5.9389,0.11381,0.0055203,3.9904
5.9489,0.11375,0.0055384,4.0018
5.9589,0.1137,0.0055569,4.0133
5.9689,0.11364,0.0055756,4.0248
5.9789,0.11358,0.0055945,4.0364
5.9889,0.11353,0.0056136,4.0481
5.9989,0.11347,0.0056328,4.0598
6.0089,0.11342,0.0056522,4.0716
6.0189,0.11336,0.005672,4.0835
6.0289,0.1133,0.0056922,4.0954
6.0389,0.11325,0.0057125,4.1074
6.0489,0.11319,0.0057327,4.1194
6.0589,0.11313,0.0057529,4.1315
6.0689,0.11307,0.0057732,4.1437
6.0789,0.11302,0.0057939,4.1559
6.0889,0.11296,0.0058147,4.1682
6.0989,0.1129,0.0058356,4.1805
6.1089,0.11284,0.0058567,4.1928
6.1189,0.11278,0.0058777,4.2053
6.1289,0.11272,0.0058988,4.2177
6.1389,0.11266,0.0059203,4.2302
6.1489,0.1126,0.005942,4.2428
6.1589,0.11255,0.0059637,4.2553
6.1689,0.11249,0.0059855,4.2679
6.1789,0.11243,0.006007,4.2806
6.1889,0.11237,0.0060286,4.2933
6.1989,0.11231,0.0060504,4.306
6.2089,0.11224,0.0060721,4.3188
6.2189,0.11218,0.0060941,4.3316
6.2289,0.11212,0.006116,4.3444
6.2389,0.11206,0.0061378,4.3572
6.2489,0.112,0.0061596,4.3701
6.2589,0.11194,0.0061814,4.383
6.2689,0.11188,0.0062033,4.396
6.2789,0.11181,0.0062253,4.409
6.2889,0.11175,0.0062474,4.4221
6.2989,0.11169,0.0062695,4.4352
6.3088,0.11163,0.0062914,4.4483
6.3188,0.11156,0.0063133,4.4615
6.3288,0.1115,0.0063354,4.4747
6.3388,0.11144,0.0063578,4.488
6.3488,0.11137,0.0063802,4.5013
6.3588,0.11131,0.0064029,4.5147
6.3688,0.11125,0.0064254,4.5281
6.3788,0.11118,0.0064481,4.5416
6.3888,0.11112,0.006471,4.5551
6.3988,0.11105,0.0064942,4.5687
6.4088,0.11099,0.0065174,4.5823
6.4188,0.11092,0.0065406,4.596
6.4288,0.11086,0.0065641,4.6097
6.4388,0.11079,0.0065875,4.6234
6.4488,0.11072,0.006611,4.6372
6.4588,0.11066,0.006635,4.651
6.4688,0.11059,0.0066592,4.6648
6.4788,0.11052,0.0066833,4.6786
6.4888,0.11046,0.0067073,4.6925
6.4988,0.11039,0.0067313,4.7063
6.5088,0.11032,0.0067553,4.7202
6.5188,0.11026,0.0067795,4.7339
6.5288,0.11019,0.0068034,4.7477
6.5388,0.11012,0.006827,4.7614
6.5488,0.11005,0.0068506,4.7751
6.5588,0.10998,0.0068744,4.7887
6.5688,0.10991,0.0068989,4.8021
6.5788,0.10984,0.0069234,4.8155
6.5888,0.10977,0.0069475,4.8287
6.5988,0.10971,0.0069714,4.8418
6.6088,0.10964,0.0069948,4.8547
6.6188,0.10957,0.0070178,4.8675
6.6288,0.1095,0.0070407,4.88
6.6388,0.10942,0.0070637,4.8924
6.6488,0.10935,0.0070867,4.9045
6.6588,0.10928,0.0071095,4.9164
6.6688,0.10921,0.0071324,4.928
6.6788,0.10914,0.007155,4.9393
6.6888,0.10907,0.0071768,4.9503
6.6988,0.109,0.0071984,4.961
6.7088,0.10892,0.0072188,4.9713
6.7188,0.10885,0.0072364,4.9814
6.7288,0.10878,0.0072523,4.9913
6.7388,0.10871,0.0072681,5.0009
6.7488,0.10863,0.007284,5.0102
6.7588,0.10856,0.0072995,5.0192
6.7688,0.10849,0.0073149,5.028
6.7788,0.10842,0.0073304,5.0366
6.7888,0.10834,0.0073456,5.0449
6.7988,0.10827,0.0073606,5.053
6.8088,0.1082,0.0073748,5.0609
6.8188,0.10812,0.0073882,5.0687
6.8288,0.10805,0.0074006,5.0763
6.8388,0.10797,0.0074125,5.0838
6.8487,0.1079,0.0074238,5.0912
6.8587,0.10782,0.0074345,5.0986
6.8687,0.10775,0.0074459,5.106
6.8787,0.10768,0.0074566,5.1134
6.8887,0.1076,0.0074664,5.1208
6.8987,0.10753,0.0074764,5.1283
6.9087,0.10745,0.0074864,5.136
6.9187,0.10738,0.0074973,5.1437
6.9287,0.1073,0.0075083,5.1517
6.9387,0.10723,0.0075191,5.1597
6.9487,0.10715,0.00753,5.168
6.9587,0.10708,0.0075411,5.1765
6.9687,0.107,0.0075526,5.1853
6.9787,0.10693,0.0075643,5.1943
6.9887,0.10685,0.0075765,5.2036
6.9987,0.10677,0.0075893,5.2132
7.0087,0.1067,0.0076025,5.2231
7.0187,0.10662,0.0076154,5.2332
7.0287,0.10655,0.0076285,5.2438
7.0387,0.10647,0.0076431,5.2546
7.0487,0.10639,0.007659,5.2657
7.0587,0.10632,0.0076747,5.2771
7.0687,0.10624,0.0076909,5.2888
7.0787,0.10616,0.0077077,5.3009
7.0887,0.10609,0.0077253,5.3133
7.0987,0.10601,0.0077445,5.3259
7.1087,0.10593,0.0077645,5.3389
7.1187,0.10585,0.0077844,5.3522
7.1287,0.10577,0.0078045,5.3658
7.1387,0.1057,0.0078258,5.3798
7.1487,0.10562,0.0078486,5.3941
7.1587,0.10554,0.0078714,5.4087
7.1687,0.10546,0.0078942,5.4236
7.1787,0.10538,0.0079183,5.4389
7.1887,0.1053,0.0079433,5.4545
7.1987,0.10522,0.0079696,5.4704
7.2087,0.10514,0.0079966,5.4866
7.2187,0.10506,0.0080238,5.5032
7.2287,0.10498,0.008052,5.5201
7.2387,0.1049,0.0080812,5.5373
7.2487,0.10482,0.00811,5.5548
7.2587,0.10474,0.0081382,5.5727
7.2687,0.10466,0.0081674,5.5909
7.2787,0.10458,0.0081979,5.6094
7.2887,0.10449,0.0082287,5.6282
7.2987,0.10441,0.0082606,5.6474
7.3087,0.10433,0.0082937,5.6669
7.3187,0.10425,0.0083264,5.6866
7.3287,0.10416,0.0083597,5.7067
7.3387,0.10408,0.0083928,5.7271
7.3487,0.10399,0.0084254,5.7477
7.3587,0.10391,0.0084597,5.7686
7.3687,0.10383,0.008495,5.7897
7.3787,0.10374,0.0085311,5.811
7.3887,0.10365,0.008567,5.8325
7.3986,0.10357,0.0086015,5.8541
7.4086,0.10348,0.0086365,5.8758
7.4186,0.1034,0.0086727,5.8977
7.4286,0.10331,0.0087094,5.9197
7.4386,0.10322,0.0087455,5.9416
7.4486,0.10313,0.0087814,5.9636
7.4586,0.10305,0.0088169,5.9856
7.4686,0.10296,0.0088509,6.0075
7.4786,0.10287,0.0088849,6.0294
7.4886,0.10278,0.0089188,6.0512
7.4986,0.10269,0.0089528,6.0729
7.5086,0.1026,0.008988,6.0945
7.5186,0.10251,0.0090241,6.1159
7.5286,0.10242,0.0090595,6.137
7.5386,0.10233,0.0090926,6.158
7.5486,0.10224,0.0091244,6.1788
7.5586,0.10215,0.0091558,6.1995
7.5686,0.10206,0.0091857,6.22
7.5786,0.10196,0.0092138,6.2404
7.5886,0.10187,0.0092416,6.2606
7.5986,0.10178,0.0092696,6.2808
7.6086,0.10169,0.0092986,6.3008
7.6186,0.10159,0.0093295,6.3207
7.6286,0.1015,0.0093605,6.3404
7.6386,0.10141,0.0093903,6.3599
7.6486,0.10131,0.0094186,6.3794
7.6586,0.10122,0.0094466,6.3987
7.6686,0.10112,0.0094742,6.4178
7.6786,0.10103,0.0095017,6.4369
7.6886,0.10093,0.0095303,6.4558
7.6986,0.10084,0.0095602,6.4745
7.7086,0.10074,0.0095903,6.4932
7.7186,0.10065,0.0096197,6.5116
7.7286,0.10055,0.0096483,6.53
7.7386,0.10045,0.0096773,6.5482
7.7486,0.10036,0.0097063,6.5663
7.7586,0.10026,0.0097355,6.5843
7.7686,0.10016,0.0097661,6.6022
7.7786,0.10006,0.0097956,6.62
7.7886,0.099966,0.0098239,6.6378
7.7986,0.099868,0.0098531,6.6555
7.8086,0.099769,0.009884,6.6732
7.8186,0.09967,0.0099143,6.6908
7.8286,0.099571,0.0099451,6.7084
7.8386,0.099471,0.0099774,6.7259
7.8486,0.099371,0.010011,6.7434
7.8586,0.099271,0.010045,6.7609
7.8686,0.09917,0.010077,6.7783
7.8786,0.099069,0.010109,6.7957
7.8886,0.098968,0.010142,6.8131
7.8986,0.098867,0.010174,6.8304
7.9086,0.098765,0.010206,6.8477
7.9186,0.098662,0.010238,6.8649
7.9286,0.09856,0.010271,6.8821
7.9386,0.098457,0.010305,6.8992
7.9485,0.098354,0.010341,6.9162
7.9585,0.09825,0.010377,6.933
7.9685,0.098146,0.010413,6.9496
7.9785,0.098042,0.010447,6.9661
7.9885,0.097937,0.010481,6.9823
7.9985,0.097832,0.010514,6.9984
8.0085,0.097727,0.010546,7.0142
8.0185,0.097622,0.010579,7.0298
8.0285,0.097516,0.010612,7.0452
8.0385,0.097409,0.010645,7.0603
8.0485,0.097303,0.010677,7.075
8.0585,0.097196,0.010708,7.0895
8.0685,0.097089,0.01074,7.1038
8.0785,0.096981,0.010773,7.1177
8.0885,0.096873,0.010804,7.1313
8.0985,0.096765,0.010834,7.1446
8.1085,0.096657,0.010864,7.1576
8.1185,0.096548,0.010892,7.1702
8.1285,0.096439,0.010917,7.1825
8.1385,0.09633,0.010943,7.1947
8.1485,0.09622,0.01097,7.2065
8.1585,0.09611,0.010995,7.2181
8.1685,0.096,0.011022,7.2295
8.1785,0.09589,0.011049,7.2406
8.1885,0.095779,0.011073,7.2515
8.1985,0.095668,0.011097,7.2623
8.2085,0.095557,0.01112,7.2729
8.2185,0.095446,0.011142,7.2833
8.2285,0.095334,0.011163,7.2936
8.2385,0.095223,0.011182,7.3039
8.2485,0.095111,0.011202,7.3139
8.2585,0.094999,0.01122,7.3239
8.2685,0.094887,0.011237,7.3337
8.2785,0.094774,0.011256,7.3434
8.2885,0.094661,0.011272,7.3531
8.2985,0.094549,0.011287,7.3626
8.3085,0.094436,0.011302,7.3721
8.3185,0.094323,0.011315,7.3815
8.3285,0.094209,0.011328,7.3908
8.3385,0.094096,0.011339,7.4001
8.3485,0.093983,0.01135,7.4094
8.3585,0.093869,0.011361,7.4186
8.3685,0.093756,0.011374,7.4277
8.3785,0.093642,0.011391,7.4368
8.3885,0.093528,0.011411,7.4457
8.3985,0.093414,0.011427,7.4544
8.4085,0.093299,0.011436,7.4631
8.4185,0.093185,0.011447,7.4718
8.4285,0.09307,0.011461,7.4806
8.4385,0.092956,0.011476,7.4894
8.4485,0.092841,0.011495,7.4982
8.4585,0.092726,0.011519,7.507
8.4685,0.092611,0.011546,7.5157
8.4785,0.092495,0.01157,7.5244
8.4885,0.092379,0.01159,7.5332
8.4984,0.092263,0.011605,7.5421
8.5084,0.092147,0.011621,7.5513
8.5184,0.092031,0.01164,7.5606
8.5284,0.091914,0.011664,7.57
8.5384,0.091798,0.011692,7.5795
8.5484,0.091681,0.01172,7.5889
8.5584,0.091563,0.011747,7.5982
8.5684,0.091446,0.011773,7.6075
8.5784,0.091328,0.011794,7.6168
8.5884,0.09121,0.01181,7.6262
8.5984,0.091092,0.011826,7.6358
8.6084,0.090973,0.011849,7.6454
8.6184,0.090855,0.011875,7.6551
8.6284,0.090736,0.011906,7.6647
8.6384,0.090617,0.011936,7.6744
8.6484,0.090497,0.011961,7.684
8.6584,0.090378,0.011983,7.6937
8.6684,0.090258,0.012005,7.7035
8.6784,0.090137,0.012026,7.7134
8.6884,0.090017,0.012048,7.7235
8.6984,0.089897,0.012072,7.7334
8.7084,0.089776,0.012091,7.7432
8.7184,0.089655,0.012109,7.7529
8.7284,0.089534,0.012129,7.7624
8.7384,0.089412,0.012144,7.7717
8.7484,0.089291,0.012154,7.7808
8.7584,0.089169,0.012161,7.7898
8.7684,0.089048,0.012169,7.7987
8.7784,0.088926,0.012181,7.8073
8.7884,0.088804,0.012195,7.8155
8.7984,0.088682,0.012211,7.8235
8.8084,0.08856,0.012223,7.8312
8.8184,0.088438,0.012229,7.8386
8.8284,0.088315,0.012238,7.8459
8.8384,0.088193,0.012252,7.853
8.8484,0.08807,0.012268,7.8598
8.8584,0.087948,0.012283,7.8664
8.8684,0.087825,0.012295,7.8727
8.8784,0.087702,0.012306,7.8786
8.8884,0.087579,0.012317,7.8843
8.8984,0.087455,0.012326,7.8897
8.9084,0.087332,0.012338,7.8949
8.9184,0.087209,0.012349,7.8998
8.9284,0.087085,0.012356,7.9043
8.9384,0.086962,0.012364,7.9085
8.9484,0.086838,0.012371,7.9122
8.9584,0.086714,0.012376,7.9155
8.9684,0.086591,0.012376,7.9185
8.9784,0.086467,0.012374,7.9212
8.9884,0.086343,0.012374,7.9236
8.9984,0.086219,0.012377,7.9255
9.0084,0.086096,0.012385,7.9268
9.0184,0.085972,0.012388,7.9276
9.0284,0.085848,0.012383,7.928
9.0384,0.085724,0.012372,7.9281
9.0483,0.0856,0.01236,7.9279
9.0583,0.085477,0.012355,7.9274
9.0683,0.085353,0.012358,7.9263
9.0783,0.08523,0.012363,7.9247
9.0883,0.085106,0.012365,7.9227
9.0983,0.084983,0.012357,7.9201
9.1083,0.084859,0.012343,7.9173
9.1183,0.084736,0.012334,7.9141
9.1283,0.084612,0.012332,7.9106
9.1383,0.084489,0.012331,7.9065
9.1483,0.084366,0.012326,7.902
9.1583,0.084243,0.012314,7.8971
9.1683,0.08412,0.012299,7.8918
9.1783,0.083997,0.012285,7.8865
9.1883,0.083874,0.012274,7.8809
9.1983,0.083751,0.01227,7.8749
9.2083,0.083629,0.012268,7.8685
9.2183,0.083506,0.012258,7.8617
9.2283,0.083384,0.012246,7.8547
9.2383,0.083261,0.012231,7.8475
9.2483,0.083139,0.012213,7.8402
9.2583,0.083017,0.0122,7.8327
9.2683,0.082895,0.012191,7.825
9.2783,0.082773,0.012181,7.8171
9.2883,0.082651,0.012166,7.8091
9.2983,0.08253,0.012145,7.8012
9.3083,0.082409,0.012125,7.7933
9.3183,0.082287,0.012104,7.7856
9.3283,0.082167,0.012085,7.7779
9.3383,0.082046,0.012073,7.7703
9.3483,0.081925,0.012062,7.7628
9.3583,0.081805,0.012047,7.7554
9.3683,0.081684,0.012029,7.7482
9.3783,0.081564,0.01201,7.7413
9.3883,0.081444,0.011991,7.7347
9.3983,0.081324,0.01197,7.7283
9.4083,0.081205,0.011951,7.7223
9.4183,0.081085,0.011935,7.7166
9.4283,0.080966,0.01192,7.7113
9.4383,0.080847,0.011905,7.7062
9.4483,0.080728,0.011889,7.7014
9.4583,0.080609,0.011873,7.6971
9.4683,0.080491,0.011857,7.6931
9.4783,0.080372,0.011841,7.6895
9.4883,0.080254,0.011828,7.6862
9.4983,0.080136,0.011816,7.6832
9.5083,0.080017,0.011806,7.6806
9.5183,0.079899,0.011798,7.6781
9.5283,0.079782,0.01179,7.6759
9.5383,0.079664,0.011783,7.674
9.5483,0.079546,0.011776,7.6723
9.5583,0.079428,0.011769,7.6707
9.5683,0.079311,0.011761,7.6693
9.5783,0.079193,0.011755,7.668
9.5882,0.079076,0.011749,7.6668
9.5982,0.078958,0.011746,7.6656
9.6082,0.078841,0.011746,7.6645
9.6182,0.078723,0.011746,7.6633
9.6282,0.078606,0.011741,7.6621
9.6382,0.078488,0.011736,7.6609
9.6482,0.078371,0.011731,7.6596
9.6582,0.078254,0.011728,7.6583
9.6682,0.078137,0.011726,7.6569
9.6782,0.078019,0.011725,7.6554
9.6882,0.077902,0.011724,7.6537
9.6982,0.077785,0.011722,7.6519
9.7082,0.077668,0.011719,7.65
9.7182,0.077551,0.011717,7.648
9.7282,0.077433,0.011715,7.6458
9.7382,0.077316,0.011712,7.6435
9.7482,0.077199,0.011708,7.6411
9.7582,0.077082,0.011705,7.6386
9.7682,0.076965,0.011701,7.6359
9.7782,0.076848,0.011696,7.6332
9.7882,0.076731,0.011691,7.6303
9.7982,0.076615,0.011687,7.6274
9.8082,0.076498,0.011683,7.6243
9.8182,0.076381,0.011678,7.6212
9.8282,0.076264,0.011672,7.6181
9.8382,0.076147,0.011665,7.6149
9.8482,0.076031,0.01166,7.6117
9.8582,0.075914,0.011656,7.6085
9.8682,0.075798,0.01165,7.6052
9.8782,0.075681,0.011644,7.602
9.8882,0.075565,0.011637,7.5988
9.8982,0.075449,0.01163,7.5956
9.9082,0.075332,0.01162,7.5926
9.9182,0.075216,0.011613,7.5896
9.9282,0.0751,0.011606,7.5868
9.9382,0.074984,0.011598,7.5841
9.9482,0.074868,0.011591,7.5814
9.9582,0.074752,0.011586,7.5789
9.9682,0.074637,0.011581,7.5765
9.9782,0.074521,0.011576,7.5742
9.9882,0.074405,0.011572,7.5719
9.9982,0.074289,0.011568,7.5698
10.008,0.074174,0.011563,7.5677
10.018,0.074058,0.011557,7.5658
10.028,0.073943,0.011553,7.564
10.038,0.073827,0.01155,7.5623
10.048,0.073712,0.011548,7.5606
10.058,0.073596,0.011547,7.559
10.068,0.073481,0.011546,7.5574
10.078,0.073365,0.011547,7.5558
10.088,0.07325,0.011547,7.5541
10.098,0.073135,0.011549,7.5525
10.108,0.073019,0.01155,7.5508
10.118,0.072904,0.01155,7.5492
10.128,0.072788,0.011552,7.5475
10.138,0.072673,0.011554,7.5457
10.148,0.072557,0.011556,7.5439
10.158,0.072442,0.011556,7.542
10.168,0.072326,0.011558,7.5401
10.178,0.07221,0.01156,7.5381
10.188,0.072095,0.011562,7.536
10.198,0.071979,0.011563,7.5338
10.208,0.071864,0.011566,7.5315
10.218,0.071748,0.01157,7.529
10.228,0.071632,0.011573,7.5264
10.238,0.071517,0.011572,7.5237
10.248,0.071401,0.011571,7.5209
10.258,0.071285,0.011569,7.518
10.268,0.071169,0.011566,7.515
10.278,0.071054,0.011563,7.5119
10.288,0.070938,0.01156,7.5088
10.298,0.070823,0.011558,7.5055
10.308,0.070707,0.011554,7.5021
10.318,0.070592,0.01155,7.4985
10.328,0.070476,0.011545,7.4948
10.338,0.070361,0.011541,7.4909
10.348,0.070245,0.011535,7.4869
10.358,0.07013,0.011529,7.4826
10.368,0.070015,0.011522,7.478
10.378,0.0699,0.011513,7.4733
10.388,0.069785,0.011503,7.4683
10.398,0.06967,0.011493,7.4632
10.408,0.069555,0.011483,7.4578
10.418,0.06944,0.011474,7.4522
10.428,0.069325,0.011465,7.4464
10.438,0.069211,0.011454,7.4402
10.448,0.069096,0.011441,7.4338
10.458,0.068982,0.011429,7.4271
10.468,0.068868,0.011417,7.4203
10.478,0.068754,0.011405,7.4132
10.488,0.06864,0.011392,7.406
10.498,0.068526,0.011378,7.3985
10.508,0.068412,0.011365,7.3909
10.518,0.068299,0.011351,7.3832
10.528,0.068185,0.011337,7.3753
10.538,0.068072,0.011325,7.3673
10.548,0.067959,0.011312,7.3591
10.558,0.067846,0.011297,7.3508
10.568,0.067733,0.011283,7.3425
10.578,0.06762,0.011268,7.3341
10.588,0.067508,0.011252,7.3256
10.598,0.067395,0.011237,7.3171
10.608,0.067283,0.011222,7.3086
10.618,0.067171,0.011208,7.3
10.628,0.067059,0.011193,7.2914
10.638,0.066947,0.011178,7.2828
10.648,0.066835,0.011164,7.2742
10.658,0.066724,0.011151,7.2655
10.668,0.066612,0.011137,7.2568
10.678,0.066501,0.011123,7.2479
10.688,0.06639,0.011108,7.239
10.698,0.066279,0.011093,7.23
10.708,0.066168,0.011079,7.2209
10.718,0.066057,0.011066,7.2117
10.728,0.065947,0.011053,7.2023
10.738,0.065836,0.011039,7.1928
10.748,0.065726,0.011024,7.1831
10.758,0.065616,0.011009,7.1732
10.768,0.065506,0.010994,7.1632
10.778,0.065396,0.010979,7.153
10.788,0.065286,0.010963,7.1426
10.798,0.065177,0.010947,7.132
10.808,0.065067,0.010932,7.1212
10.818,0.064958,0.010918,7.1101
10.828,0.064849,0.010902,7.0988
10.838,0.06474,0.010885,7.0872
10.848,0.064632,0.010866,7.0755
10.858,0.064523,0.010847,7.0635
10.868,0.064415,0.010827,7.0513
10.878,0.064306,0.010807,7.0389
10.888,0.064199,0.010785,7.0263
10.898,0.064091,0.010762,7.0136
10.908,0.063983,0.010739,7.0007
10.918,0.063876,0.010714,6.9876
10.928,0.063769,0.010689,6.9745
10.938,0.063662,0.010666,6.9614
10.948,0.063556,0.010642,6.9481
10.958,0.06345,0.010617,6.9348
10.968,0.063343,0.010593,6.9214
10.978,0.063238,0.010568,6.908
10.988,0.063132,0.010543,6.8946
10.998,0.063027,0.010518,6.8812
11.008,0.062922,0.010494,6.8678
11.018,0.062817,0.010469,6.8544
11.028,0.062712,0.010444,6.8411
11.038,0.062608,0.010419,6.8277
11.048,0.062504,0.010395,6.8145
11.058,0.0624,0.010371,6.8013
11.068,0.062297,0.010347,6.7882
11.078,0.062193,0.010323,6.7751
11.088,0.06209,0.010299,6.7622
11.098,0.061987,0.010274,6.7493
11.108,0.061885,0.010249,6.7365
11.118,0.061783,0.010226,6.7238
11.128,0.06168,0.010202,6.7112
11.138,0.061579,0.01018,6.6986
11.148,0.061477,0.010158,6.6861
11.158,0.061375,0.010137,6.6736
11.168,0.061274,0.010115,6.6612
11.178,0.061173,0.010093,6.6489
11.188,0.061072,0.010072,6.6365
11.198,0.060972,0.010051,6.6241
11.208,0.060871,0.01003,6.6117
11.218,0.060771,0.010009,6.5993
11.228,0.060671,0.0099884,6.5869
11.238,0.060571,0.0099684,6.5744
11.248,0.060472,0.0099481,6.5619
11.258,0.060373,0.0099273,6.5493
11.268,0.060273,0.0099065,6.5367
11.278,0.060174,0.009886,6.524
11.288,0.060076,0.0098658,6.5112
11.298,0.059977,0.0098459,6.4983
11.308,0.059879,0.0098259,6.4853
11.318,0.059781,0.0098059,6.4723
11.328,0.059683,0.0097861,6.4592
11.338,0.059585,0.0097658,6.446
11.348,0.059487,0.0097454,6.4326
11.358,0.05939,0.0097258,6.4192
11.368,0.059293,0.0097071,6.4057
11.378,0.059196,0.0096884,6.3921
11.388,0.059099,0.0096691,6.3784
11.398,0.059003,0.0096491,6.3645
11.408,0.058906,0.0096286,6.3506
11.418,0.05881,0.0096077,6.3366
11.428,0.058714,0.0095868,6.3225
11.438,0.058618,0.0095656,6.3082
11.448,0.058523,0.0095441,6.2939
11.458,0.058428,0.0095219,6.2794
11.468,0.058332,0.0094992,6.2648
11.478,0.058238,0.0094765,6.2502
11.488,0.058143,0.0094537,6.2354
11.498,0.058049,0.0094306,6.2206
11.508,0.057954,0.0094074,6.2056
11.518,0.05786,0.0093838,6.1905
11.528,0.057767,0.0093594,6.1753
11.538,0.057673,0.0093342,6.16
11.548,0.05758,0.0093089,6.1447
11.558,0.057487,0.0092834,6.1292
11.568,0.057394,0.0092575,6.1137
11.578,0.057302,0.0092317,6.0981
11.588,0.05721,0.0092061,6.0824
11.598,0.057118,0.0091806,6.0665
11.608,0.057026,0.0091547,6.0506
11.618,0.056935,0.0091287,6.0346
11.628,0.056844,0.0091025,6.0186
11.638,0.056753,0.009076,6.0024
11.648,0.056662,0.0090492,5.9861
11.658,0.056572,0.0090223,5.9698
11.668,0.056482,0.0089952,5.9534
11.678,0.056392,0.0089679,5.9369
11.688,0.056303,0.0089401,5.9204
11.698,0.056213,0.0089116,5.9037
11.708,0.056124,0.0088825,5.887
11.718,0.056036,0.0088533,5.8702
11.728,0.055947,0.0088241,5.8534
11.738,0.055859,0.008795,5.8365
11.748,0.055771,0.0087657,5.8196
11.758,0.055684,0.0087363,5.8026
11.768,0.055597,0.0087069,5.7855
11.778,0.05551,0.0086775,5.7685
11.788,0.055423,0.008648,5.7514
11.798,0.055337,0.0086185,5.7342
11.808,0.055251,0.0085889,5.7171
11.818,0.055165,0.0085589,5.7
11.828,0.05508,0.0085285,5.6829
11.838,0.054995,0.008498,5.6659
11.848,0.05491,0.0084677,5.6489
11.858,0.054825,0.0084381,5.632
11.868,0.054741,0.0084089,5.6151
11.878,0.054657,0.00838,5.5984
11.888,0.054574,0.0083511,5.5817
11.898,0.05449,0.0083223,5.565
11.908,0.054407,0.0082938,5.5485
11.918,0.054324,0.0082655,5.5321
11.928,0.054242,0.0082375,5.5158
11.938,0.05416,0.0082095,5.4997
11.948,0.054078,0.0081816,5.4836
11.958,0.053996,0.0081541,5.4677
11.968,0.053915,0.0081268,5.4519
11.978,0.053833,0.0080997,5.4363
11.988,0.053753,0.008073,5.4207
11.998,0.053672,0.0080466,5.4053
12.008,0.053592,0.0080206,5.39
12.018,0.053512,0.0079952,5.3749
12.028,0.053432,0.0079703,5.3598
12.038,0.053352,0.0079453,5.3448
12.048,0.053273,0.0079201,5.3299
12.058,0.053194,0.007895,5.3151
12.068,0.053115,0.00787,5.3004
12.078,0.053037,0.0078452,5.2858
12.088,0.052958,0.0078206,5.2713
12.098,0.05288,0.0077964,5.2568
12.108,0.052802,0.0077723,5.2424
12.118,0.052725,0.0077484,5.2281
12.128,0.052647,0.0077248,5.2138
12.138,0.05257,0.007701,5.1995
12.148,0.052493,0.0076771,5.1853
12.158,0.052417,0.007653,5.1711
12.168,0.05234,0.0076288,5.157
12.178,0.052264,0.0076044,5.1429
12.188,0.052188,0.0075803,5.1289
12.198,0.052113,0.0075563,5.1149
12.208,0.052037,0.0075325,5.1009
12.218,0.051962,0.0075089,5.087
12.228,0.051887,0.0074853,5.0731
12.238,0.051812,0.0074615,5.0592
12.248,0.051738,0.0074376,5.0453
12.258,0.051664,0.0074135,5.0316
12.268,0.05159,0.0073894,5.0178
12.278,0.051516,0.0073654,5.0042
12.288,0.051442,0.0073416,4.9906
12.298,0.051369,0.0073181,4.9771
12.308,0.051296,0.0072949,4.9637
12.318,0.051223,0.007272,4.9504
12.328,0.051151,0.0072493,4.9372
12.338,0.051078,0.0072266,4.9241
12.348,0.051006,0.0072042,4.9111
12.358,0.050934,0.0071819,4.8983
12.368,0.050862,0.0071597,4.8857
12.378,0.050791,0.0071377,4.8732
12.388,0.05072,0.007116,4.8609
12.398,0.050649,0.0070946,4.8488
12.408,0.050578,0.0070734,4.837
12.418,0.050507,0.0070525,4.8253
12.428,0.050437,0.0070319,4.8138
12.438,0.050367,0.0070118,4.8025
12.448,0.050297,0.0069921,4.7915
12.458,0.050227,0.0069729,4.7807
12.468,0.050157,0.006954,4.7701
12.478,0.050088,0.0069353,4.7597
12.488,0.050019,0.0069168,4.7495
12.498,0.049949,0.0068987,4.7396
12.508,0.049881,0.0068812,4.7299
12.518,0.049812,0.0068642,4.7204
12.528,0.049743,0.0068476,4.7111
12.538,0.049675,0.0068314,4.702
12.548,0.049607,0.0068156,4.6932
12.558,0.049539,0.0068003,4.6845
12.568,0.049471,0.0067853,4.676
12.578,0.049403,0.0067706,4.6678
12.588,0.049335,0.0067563,4.6597
12.598,0.049268,0.0067425,4.6518
12.608,0.049201,0.0067289,4.644
12.618,0.049133,0.0067154,4.6365
12.628,0.049066,0.0067023,4.6291
12.638,0.048999,0.0066895,4.6219
12.648,0.048932,0.0066773,4.6148
12.658,0.048866,0.0066654,4.6079
12.668,0.048799,0.006654,4.6011
12.678,0.048733,0.006643,4.5945
12.688,0.048666,0.0066324,4.5879
12.698,0.0486,0.0066219,4.5815
12.708,0.048534,0.0066119,4.5752
12.718,0.048468,0.0066021,4.569
12.728,0.048402,0.0065926,4.5629
12.738,0.048336,0.0065832,4.5569
12.748,0.04827,0.0065738,4.551
12.758,0.048205,0.0065645,4.5451
12.768,0.048139,0.0065555,4.5393
12.778,0.048074,0.0065467,4.5336
12.788,0.048008,0.0065381,4.528
12.798,0.047943,0.0065295,4.5224
12.808,0.047878,0.0065211,4.5168
12.818,0.047812,0.0065127,4.5113
12.828,0.047747,0.0065045,4.5059
12.838,0.047682,0.0064964,4.5004
12.848,0.047617,0.0064884,4.495
12.858,0.047553,0.0064804,4.4896
12.868,0.047488,0.0064725,4.4843
12.878,0.047423,0.0064645,4.479
12.888,0.047359,0.0064566,4.4736
12.898,0.047294,0.0064487,4.4684
12.908,0.04723,0.0064409,4.4631
12.918,0.047165,0.0064333,4.4578
12.928,0.047101,0.0064258,4.4525
12.938,0.047037,0.0064185,4.4472
12.948,0.046973,0.0064111,4.442
12.958,0.046909,0.0064036,4.4367
12.968,0.046845,0.0063962,4.4314
12.978,0.046781,0.0063888,4.4261
12.988,0.046717,0.0063814,4.4207
12.998,0.046653,0.0063739,4.4154
13.008,0.046589,0.0063663,4.41
13.018,0.046526,0.0063588,4.4046
13.028,0.046462,0.0063512,4.3992
13.038,0.046399,0.0063435,4.3938
13.048,0.046335,0.0063358,4.3882
13.058,0.046272,0.0063281,4.3827
13.068,0.046209,0.0063204,4.3771
13.078,0.046146,0.0063127,4.3715
13.088,0.046083,0.0063049,4.3658
13.098,0.04602,0.0062969,4.36
13.108,0.045957,0.0062889,4.3542
13.118,0.045894,0.0062808,4.3483
13.128,0.045831,0.0062726,4.3424
13.138,0.045768,0.0062642,4.3363
13.148,0.045706,0.0062556,4.3302
13.158,0.045643,0.0062469,4.3241
13.168,0.045581,0.006238,4.3178
13.178,0.045519,0.0062289,4.3115
13.188,0.045456,0.0062197,4.3051
13.198,0.045394,0.0062102,4.2986
13.208,0.045332,0.0062006,4.2921
13.218,0.04527,0.0061908,4.2854
13.228,0.045208,0.0061808,4.2787
13.238,0.045147,0.0061707,4.2719
13.248,0.045085,0.0061604,4.2651
13.258,0.045023,0.0061499,4.2582
13.268,0.044962,0.0061392,4.2512
13.278,0.044901,0.0061284,4.2441
13.288,0.044839,0.0061175,4.237
13.298,0.044778,0.0061066,4.2298
13.308,0.044717,0.0060954,4.2225
13.318,0.044656,0.0060841,4.2152
13.328,0.044596,0.0060726,4.2079
13.338,0.044535,0.0060611,4.2004
13.348,0.044475,0.0060496,4.193
13.358,0.044414,0.006038,4.1854
13.368,0.044354,0.0060263,4.1779
13.378,0.044294,0.0060145,4.1703
13.388,0.044233,0.0060025,4.1626
13.398,0.044174,0.0059905,4.1549
13.408,0.044114,0.0059784,4.1472
13.418,0.044054,0.0059663,4.1395
13.428,0.043994,0.0059541,4.1317
13.438,0.043935,0.0059417,4.1239
13.448,0.043876,0.0059292,4.1161
13.458,0.043816,0.0059168,4.1083
13.468,0.043757,0.0059044,4.1005
13.478,0.043698,0.0058921,4.0926
13.488,0.043639,0.0058797,4.0848
13.498,0.043581,0.0058674,4.0769
13.508,0.043522,0.0058551,4.0691
13.518,0.043464,0.0058428,4.0612
13.528,0.043405,0.0058305,4.0533
13.538,0.043347,0.0058183,4.0455
13.548,0.043289,0.0058061,4.0376
13.558,0.043231,0.005794,4.0297
13.568,0.043173,0.0057818,4.0219
13.578,0.043115,0.0057696,4.014
13.588,0.043058,0.0057575,4.0062
13.598,0.043,0.0057454,3.9983
13.608,0.042943,0.0057332,3.9905
13.618,0.042886,0.005721,3.9826
13.628,0.042828,0.0057088,3.9748
13.638,0.042771,0.0056965,3.967
13.648,0.042715,0.0056842,3.9592
13.658,0.042658,0.0056719,3.9514
13.668,0.042601,0.0056596,3.9436
13.678,0.042545,0.0056473,3.9358
13.688,0.042488,0.005635,3.9281
13.697,0.042432,0.0056227,3.9204
13.707,0.042376,0.0056106,3.9126
13.717,0.04232,0.0055985,3.9049
13.727,0.042264,0.0055864,3.8973
13.737,0.042208,0.0055744,3.8896
13.747,0.042152,0.0055623,3.882
13.757,0.042097,0.0055504,3.8744
13.767,0.042041,0.0055384,3.8669
13.777,0.041986,0.0055265,3.8594
13.787,0.041931,0.0055147,3.8519
13.797,0.041876,0.0055029,3.8444
13.807,0.041821,0.0054912,3.837
13.817,0.041766,0.0054796,3.8296
13.827,0.041711,0.005468,3.8223
13.837,0.041657,0.0054564,3.815
13.847,0.041602,0.005445,3.8078
13.857,0.041548,0.0054336,3.8006
13.867,0.041493,0.0054224,3.7935
13.877,0.041439,0.0054112,3.7864
13.887,0.041385,0.0054001,3.7793
13.897,0.041331,0.0053891,3.7723
13.907,0.041278,0.0053781,3.7654
13.917,0.041224,0.0053672,3.7585
13.927,0.04117,0.0053564,3.7516
13.937,0.041117,0.0053458,3.7448
13.947,0.041063,0.0053352,3.7381
13.957,0.04101,0.0053247,3.7314
13.967,0.040957,0.0053142,3.7248
13.977,0.040904,0.0053038,3.7182
13.987,0.040851,0.0052934,3.7117
13.997,0.040798,0.0052832,3.7052
14.007,0.040745,0.005273,3.6988
14.017,0.040692,0.0052629,3.6924
14.027,0.04064,0.0052529,3.6861
14.037,0.040587,0.0052429,3.6798
14.047,0.040535,0.0052331,3.6736
14.057,0.040483,0.0052234,3.6674
14.067,0.040431,0.0052137,3.6613
14.077,0.040379,0.0052041,3.6552
14.087,0.040327,0.0051946,3.6491
14.097,0.040275,0.0051852,3.6431
14.107,0.040223,0.0051758,3.6371
14.117,0.040171,0.0051666,3.6312
14.127,0.04012,0.0051573,3.6253
14.137,0.040068,0.0051482,3.6194
14.147,0.040017,0.0051391,3.6136
14.157,0.039965,0.0051301,3.6077
14.167,0.039914,0.0051211,3.602
14.177,0.039863,0.0051123,3.5962
14.187,0.039812,0.0051034,3.5905
14.197,0.039761,0.0050947,3.5848
14.207,0.03971,0.005086,3.5791
14.217,0.039659,0.0050774,3.5734
14.227,0.039608,0.0050688,3.5678
14.237,0.039558,0.0050603,3.5622
14.247,0.039507,0.0050518,3.5566
14.257,0.039457,0.0050434,3.551
14.267,0.039406,0.005035,3.5455
14.277,0.039356,0.0050267,3.5399
14.287,0.039306,0.0050184,3.5344
14.297,0.039256,0.0050102,3.5289
14.307,0.039206,0.005002,3.5234
14.317,0.039156,0.0049939,3.5179
14.327,0.039106,0.0049857,3.5124
14.337,0.039056,0.0049776,3.5069
14.347,0.039006,0.0049696,3.5015
14.357,0.038957,0.0049617,3.496
14.367,0.038907,0.0049538,3.4906
14.377,0.038858,0.0049458,3.4851
14.387,0.038808,0.0049378,3.4797
14.397,0.038759,0.0049299,3.4742
14.407,0.03871,0.0049219,3.4688
14.417,0.03866,0.004914,3.4634
14.427,0.038611,0.0049061,3.458
14.437,0.038562,0.0048982,3.4525
14.447,0.038513,0.0048902,3.4471
14.457,0.038464,0.0048823,3.4417
14.467,0.038416,0.0048744,3.4363
14.477,0.038367,0.0048665,3.4308
14.487,0.038318,0.0048586,3.4254
14.497,0.03827,0.0048506,3.42
14.507,0.038221,0.0048427,3.4146
14.517,0.038173,0.0048347,3.4091
14.527,0.038125,0.0048268,3.4037
14.537,0.038076,0.0048188,3.3983
14.547,0.038028,0.0048108,3.3929
14.557,0.03798,0.0048028,3.3874
14.567,0.037932,0.0047947,3.382
14.577,0.037884,0.0047866,3.3765
14.587,0.037837,0.0047786,3.3711
14.597,0.037789,0.0047706,3.3657
14.607,0.037741,0.0047626,3.3602
14.617,0.037694,0.0047545,3.3547
14.627,0.037646,0.0047465,3.3493
14.637,0.037599,0.0047384,3.3438
14.647,0.037551,0.0047303,3.3383
14.657,0.037504,0.0047223,3.3328
14.667,0.037457,0.0047142,3.3273
14.677,0.03741,0.0047061,3.3218
14.687,0.037363,0.004698,3.3163
14.697,0.037316,0.0046898,3.3107
14.707,0.037269,0.0046816,3.3052
14.717,0.037222,0.0046733,3.2996
14.727,0.037176,0.004665,3.294
14.737,0.037129,0.0046567,3.2884
14.747,0.037083,0.0046483,3.2828
14.757,0.037036,0.0046399,3.2772
14.767,0.03699,0.0046314,3.2715
14.777,0.036943,0.0046229,3.2659
14.787,0.036897,0.0046143,3.2602
14.797,0.036851,0.0046057,3.2545
14.807,0.036805,0.0045971,3.2488
14.817,0.036759,0.0045884,3.2431
14.827,0.036713,0.0045796,3.2373
14.837,0.036668,0.0045709,3.2316
14.847,0.036622,0.0045622,3.2258
14.857,0.036576,0.0045534,3.22
14.867,0.036531,0.0045446,3.2142
14.877,0.036486,0.0045358,3.2084
14.887,0.03644,0.0045269,3.2025
14.897,0.036395,0.0045181,3.1967
14.907,0.03635,0.0045092,3.1908
14.917,0.036305,0.0045003,3.1849
14.927,0.03626,0.0044914,3.179
14.937,0.036215,0.0044824,3.1731
14.947,0.03617,0.0044734,3.1672
14.957,0.036126,0.0044644,3.1613
14.967,0.036081,0.0044554,3.1553
14.977,0.036037,0.0044463,3.1494
14.987,0.035992,0.0044373,3.1435
14.997,0.035948,0.0044282,3.1375
15.007,0.035904,0.0044191,3.1316
15.017,0.035859,0.00441,3.1256
15.027,0.035815,0.004401,3.1197
15.037,0.035771,0.004392,3.1137
15.047,0.035728,0.004383,3.1078
15.057,0.035684,0.0043739,3.1018
15.067,0.03564,0.0043649,3.0959
15.077,0.035597,0.004356,3.09
15.087,0.035553,0.004347,3.084
15.097,0.03551,0.0043381,3.0781
15.107,0.035466,0.0043292,3.0722
15.117,0.035423,0.0043204,3.0662
15.127,0.03538,0.0043116,3.0603
15.137,0.035337,0.0043027,3.0544
15.147,0.035294,0.0042939,3.0485
15.157,0.035251,0.0042851,3.0426
15.167,0.035208,0.0042762,3.0367
15.177,0.035165,0.0042674,3.0307
15.187,0.035123,0.0042586,3.0248
15.197,0.03508,0.0042498,3.0189
15.207,0.035038,0.004241,3.0131
15.217,0.034995,0.0042322,3.0072
15.227,0.034953,0.0042234,3.0013
15.237,0.034911,0.0042147,2.9954
15.247,0.034869,0.004206,2.9895
15.257,0.034827,0.0041972,2.9836
15.267,0.034785,0.0041885,2.9777
15.277,0.034743,0.0041798,2.9719
15.287,0.034701,0.0041711,2.966
15.297,0.03466,0.0041624,2.9601
15.307,0.034618,0.0041537,2.9542
15.317,0.034577,0.004145,2.9484
15.327,0.034535,0.0041363,2.9425
15.337,0.034494,0.0041276,2.9367
15.347,0.034453,0.0041189,2.9308
15.357,0.034412,0.0041102,2.9249
15.367,0.034371,0.0041015,2.9191
15.377,0.03433,0.0040928,2.9133
15.387,0.034289,0.0040841,2.9074
15.397,0.034248,0.0040754,2.9016
15.407,0.034207,0.0040667,2.8958
15.417,0.034167,0.004058,2.89
15.427,0.034126,0.0040493,2.8842
15.437,0.034086,0.0040406,2.8785
15.447,0.034045,0.004032,2.8727
15.457,0.034005,0.0040233,2.867
15.467,0.033965,0.0040147,2.8612
15.477,0.033925,0.0040061,2.8555
15.487,0.033885,0.0039975,2.8498
15.497,0.033845,0.0039889,2.8441
15.507,0.033805,0.0039803,2.8385
15.517,0.033765,0.0039718,2.8328
15.527,0.033726,0.0039633,2.8272
15.537,0.033686,0.0039548,2.8216
15.547,0.033646,0.0039463,2.816
15.557,0.033607,0.0039379,2.8105
15.567,0.033568,0.0039295,2.8049
15.577,0.033528,0.0039211,2.7994
15.587,0.033489,0.0039127,2.7939
15.597,0.03345,0.0039044,2.7884
15.607,0.033411,0.0038961,2.783
15.617,0.033372,0.0038879,2.7776
15.627,0.033334,0.0038797,2.7722
15.637,0.033295,0.0038715,2.7668
15.647,0.033256,0.0038634,2.7615
15.657,0.033218,0.0038553,2.7562
15.667,0.033179,0.0038473,2.7509
15.677,0.033141,0.0038393,2.7456
15.687,0.033102,0.0038313,2.7404
15.697,0.033064,0.0038234,2.7352
15.707,0.033026,0.0038155,2.73
15.717,0.032988,0.0038076,2.7249
15.727,0.03295,0.0037998,2.7198
15.737,0.032912,0.0037921,2.7147
15.747,0.032874,0.0037843,2.7097
15.757,0.032836,0.0037767,2.7047
15.767,0.032798,0.003769,2.6997
15.777,0.032761,0.0037614,2.6948
15.787,0.032723,0.0037539,2.6899
15.797,0.032686,0.0037464,2.6851
15.807,0.032648,0.003739,2.6802
15.817,0.032611,0.0037316,2.6754
15.827,0.032574,0.0037242,2.6707
15.837,0.032536,0.0037169,2.666
15.847,0.032499,0.0037096,2.6613
15.857,0.032462,0.0037024,2.6567
15.867,0.032425,0.0036952,2.6521
15.877,0.032388,0.0036881,2.6475
15.887,0.032351,0.0036811,2.643
15.897,0.032315,0.0036741,2.6385
15.907,0.032278,0.0036672,2.6341
15.917,0.032241,0.0036603,2.6297
15.927,0.032205,0.0036535,2.6253
15.937,0.032168,0.0036468,2.621
15.947,0.032132,0.0036401,2.6167
15.957,0.032095,0.0036335,2.6124
15.967,0.032059,0.003627,2.6082
15.977,0.032023,0.0036205,2.604
15.987,0.031987,0.003614,2.5998
15.997,0.031951,0.0036076,2.5957
16.007,0.031915,0.0036013,2.5916
16.017,0.031879,0.0035951,2.5876
16.027,0.031843,0.0035888,2.5835
16.037,0.031807,0.0035827,2.5795
16.047,0.031771,0.0035766,2.5756
16.057,0.031735,0.0035706,2.5716
16.067,0.0317,0.0035646,2.5677
16.077,0.031664,0.0035586,2.5638
16.087,0.031629,0.0035527,2.56
16.097,0.031593,0.0035469,2.5561
16.107,0.031558,0.003541,2.5523
16.117,0.031522,0.0035352,2.5485
16.127,0.031487,0.0035295,2.5447
16.137,0.031452,0.0035238,2.541
16.147,0.031416,0.0035181,2.5372
16.157,0.031381,0.0035125,2.5335
16.167,0.031346,0.0035069,2.5298
16.177,0.031311,0.0035014,2.5261
16.187,0.031276,0.0034958,2.5224
16.197,0.031241,0.0034903,2.5188
16.207,0.031206,0.0034848,2.5151
16.217,0.031172,0.0034794,2.5115
16.227,0.031137,0.003474,2.5079
16.237,0.031102,0.0034686,2.5043
16.247,0.031068,0.0034632,2.5007
16.257,0.031033,0.0034578,2.4971
16.267,0.030998,0.0034525,2.4935
16.277,0.030964,0.0034471,2.4899
16.287,0.030929,0.0034418,2.4864
16.297,0.030895,0.0034365,2.4828
16.307,0.030861,0.0034312,2.4793
16.317,0.030826,0.0034259,2.4757
16.327,0.030792,0.0034206,2.4722
16.337,0.030758,0.0034153,2.4687
16.347,0.030724,0.0034101,2.4652
16.357,0.03069,0.0034049,2.4616
16.367,0.030656,0.0033996,2.4581
16.377,0.030622,0.0033944,2.4547
16.387,0.030588,0.0033892,2.4512
16.397,0.030554,0.003384,2.4477
16.407,0.03052,0.0033787,2.4442
16.417,0.030487,0.0033735,2.4407
16.427,0.030453,0.0033683,2.4373
16.437,0.030419,0.0033631,2.4338
16.447,0.030386,0.0033579,2.4304
16.457,0.030352,0.0033527,2.4269
16.467,0.030319,0.0033475,2.4235
16.477,0.030285,0.0033423,2.4201
16.487,0.030252,0.0033371,2.4167
16.497,0.030218,0.003332,2.4133
16.507,0.030185,0.0033268,2.4099
16.517,0.030152,0.0033216,2.4065
16.527,0.030119,0.0033165,2.4031
16.537,0.030086,0.0033114,2.3997
16.547,0.030052,0.0033062,2.3963
16.557,0.030019,0.0033011,2.393
16.567,0.029986,0.003296,2.3896
16.577,0.029954,0.0032909,2.3863
16.587,0.029921,0.0032858,2.3829
16.597,0.029888,0.0032807,2.3796
16.607,0.029855,0.0032757,2.3763
16.617,0.029822,0.0032706,2.3729
16.627,0.02979,0.0032655,2.3696
16.637,0.029757,0.0032605,2.3663
16.647,0.029724,0.0032555,2.3631
16.657,0.029692,0.0032504,2.3598
16.667,0.029659,0.0032454,2.3565
16.677,0.029627,0.0032404,2.3532
16.687,0.029595,0.0032354,2.35
16.697,0.029562,0.0032305,2.3467
16.707,0.02953,0.0032255,2.3435
16.717,0.029498,0.0032206,2.3402
16.727,0.029466,0.0032157,2.337
16.737,0.029434,0.0032107,2.3338
16.747,0.029401,0.0032058,2.3306
16.757,0.029369,0.0032009,2.3274
16.767,0.029337,0.003196,2.3242
16.777,0.029306,0.0031912,2.321
16.787,0.029274,0.0031863,2.3178
16.797,0.029242,0.0031815,2.3146
16.807,0.02921,0.0031767,2.3115
16.817,0.029178,0.0031719,2.3083
16.827,0.029147,0.0031671,2.3051
16.837,0.029115,0.0031623,2.302
16.847,0.029083,0.0031576,2.2988
16.857,0.029052,0.0031528,2.2957
16.867,0.02902,0.0031481,2.2926
16.877,0.028989,0.0031434,2.2894
16.887,0.028957,0.0031387,2.2863
16.897,0.028926,0.003134,2.2832
16.907,0.028895,0.0031293,2.2801
16.917,0.028864,0.0031246,2.277
16.927,0.028832,0.0031199,2.2738
16.937,0.028801,0.0031153,2.2707
16.947,0.02877,0.0031106,2.2676
16.957,0.028739,0.003106,2.2645
16.967,0.028708,0.0031014,2.2614
16.977,0.028677,0.0030967,2.2583
16.987,0.028646,0.0030921,2.2552
16.997,0.028615,0.0030876,2.2522
17.007,0.028584,0.003083,2.2491
17.017,0.028553,0.0030784,2.246
17.027,0.028523,0.0030738,2.2429
17.037,0.028492,0.0030693,2.2398
17.047,0.028461,0.0030647,2.2368
17.057,0.028431,0.0030602,2.2337
17.067,0.0284,0.0030556,2.2306
17.077,0.02837,0.0030511,2.2275
17.087,0.028339,0.0030466,2.2245
17.097,0.028309,0.0030421,2.2214
17.107,0.028278,0.0030376,2.2184
17.117,0.028248,0.0030331,2.2153
17.127,0.028218,0.0030286,2.2122
17.137,0.028187,0.0030241,2.2092
17.147,0.028157,0.0030196,2.2061
17.157,0.028127,0.0030151,2.2031
17.167,0.028097,0.0030106,2.2
17.177,0.028067,0.0030062,2.197
17.187,0.028037,0.0030017,2.1939
17.197,0.028007,0.0029973,2.1909
17.207,0.027977,0.0029929,2.1879
17.217,0.027947,0.0029884,2.1848
17.227,0.027917,0.002984,2.1818
17.237,0.027887,0.0029796,2.1788
17.247,0.027857,0.0029751,2.1758
17.257,0.027828,0.0029707,2.1727
17.267,0.027798,0.0029663,2.1697
17.277,0.027768,0.0029619,2.1667
17.287,0.027739,0.0029576,2.1637
17.297,0.027709,0.0029532,2.1607
17.307,0.02768,0.0029488,2.1577
17.317,0.02765,0.0029444,2.1547
17.327,0.027621,0.0029401,2.1517
17.337,0.027592,0.0029357,2.1487
17.347,0.027562,0.0029314,2.1458
17.357,0.027533,0.0029271,2.1428
17.367,0.027504,0.0029228,2.1398
17.377,0.027474,0.0029185,2.1368
17.387,0.027445,0.0029142,2.1339
17.397,0.027416,0.0029099,2.1309
17.407,0.027387,0.0029056,2.128
17.417,0.027358,0.0029013,2.125
17.427,0.027329,0.002897,2.1221
17.437,0.0273,0.0028928,2.1191
17.447,0.027271,0.0028885,2.1162
17.457,0.027242,0.0028843,2.1133
17.467,0.027214,0.0028801,2.1103
17.477,0.027185,0.0028759,2.1074
17.487,0.027156,0.0028717,2.1045
17.497,0.027127,0.0028675,2.1016
17.507,0.027099,0.0028633,2.0987
17.517,0.02707,0.0028592,2.0958
17.527,0.027042,0.002855,2.0929
17.537,0.027013,0.0028509,2.09
17.547,0.026985,0.0028468,2.0872
17.557,0.026956,0.0028427,2.0843
17.567,0.026928,0.0028386,2.0814
17.577,0.026899,0.0028345,2.0786
17.587,0.026871,0.0028304,2.0757
17.597,0.026843,0.0028263,2.0728
17.607,0.026815,0.0028222,2.07
17.617,0.026786,0.0028182,2.0672
17.627,0.026758,0.0028142,2.0643
17.637,0.02673,0.0028102,2.0615
17.647,0.026702,0.0028061,2.0587
17.657,0.026674,0.0028021,2.0558
17.667,0.026646,0.0027981,2.053
17.677,0.026618,0.0027941,2.0502
17.687,0.02659,0.0027902,2.0474
17.697,0.026562,0.0027862,2.0446
17.707,0.026534,0.0027822,2.0418
17.717,0.026507,0.0027783,2.039
17.727,0.026479,0.0027743,2.0362
17.737,0.026451,0.0027704,2.0335
17.747,0.026423,0.0027665,2.0307
17.757,0.026396,0.0027626,2.0279
17.767,0.026368,0.0027587,2.0252
17.777,0.026341,0.0027548,2.0224
17.787,0.026313,0.0027509,2.0196
17.797,0.026286,0.002747,2.0169
17.807,0.026258,0.0027432,2.0141
17.817,0.026231,0.0027393,2.0114
17.827,0.026203,0.0027355,2.0087
17.837,0.026176,0.0027317,2.0059
17.847,0.026149,0.0027278,2.0032
17.857,0.026121,0.002724,2.0005
17.867,0.026094,0.0027202,1.9978
17.877,0.026067,0.0027164,1.995
17.887,0.02604,0.0027126,1.9923
17.897,0.026013,0.0027088,1.9896
17.907,0.025986,0.002705,1.9869
17.917,0.025959,0.0027012,1.9842
17.927,0.025932,0.0026975,1.9815
17.937,0.025905,0.0026937,1.9788
17.947,0.025878,0.0026899,1.9761
17.957,0.025851,0.0026862,1.9734
17.967,0.025824,0.0026825,1.9708
17.977,0.025797,0.0026787,1.9681
17.987,0.025771,0.002675,1.9654
17.997,0.025744,0.0026712,1.9627
18.007,0.025717,0.0026675,1.9601
18.017,0.025691,0.0026638,1.9574
18.027,0.025664,0.00266,1.9547
18.037,0.025637,0.0026563,1.9521
18.047,0.025611,0.0026526,1.9494
18.057,0.025584,0.0026489,1.9468
18.067,0.025558,0.0026452,1.9441
18.077,0.025531,0.0026415,1.9415
18.087,0.025505,0.0026378,1.9388
18.097,0.025479,0.0026342,1.9362
18.107,0.025452,0.0026305,1.9335
18.117,0.025426,0.0026268,1.9309
18.127,0.0254,0.0026231,1.9283
18.137,0.025374,0.0026195,1.9256
18.147,0.025347,0.0026158,1.923
18.157,0.025321,0.0026121,1.9204
18.167,0.025295,0.0026085,1.9178
18.177,0.025269,0.0026048,1.9151
18.187,0.025243,0.0026012,1.9125
18.197,0.025217,0.0025975,1.9099
18.207,0.025191,0.0025939,1.9073
18.217,0.025165,0.0025902,1.9047
18.227,0.025139,0.0025866,1.9021
18.237,0.025114,0.002583,1.8995
18.247,0.025088,0.0025793,1.8969
18.257,0.025062,0.0025757,1.8943
18.267,0.025036,0.0025721,1.8917
18.277,0.025011,0.0025685,1.8891
18.287,0.024985,0.0025649,1.8865
18.297,0.024959,0.0025613,1.8839
18.307,0.024934,0.0025577,1.8813
18.317,0.024908,0.0025541,1.8788
18.327,0.024883,0.0025505,1.8762
18.337,0.024857,0.0025469,1.8736
18.347,0.024832,0.0025433,1.871
18.357,0.024806,0.0025397,1.8684
18.367,0.024781,0.0025361,1.8659
18.377,0.024756,0.0025325,1.8633
18.387,0.02473,0.0025289,1.8607
18.397,0.024705,0.0025254,1.8582
18.407,0.02468,0.0025218,1.8556
18.417,0.024655,0.0025182,1.8531
18.427,0.024629,0.0025146,1.8505
18.437,0.024604,0.0025111,1.848
18.447,0.024579,0.0025075,1.8454
18.457,0.024554,0.0025039,1.8429
18.467,0.024529,0.0025004,1.8403
18.477,0.024504,0.0024968,1.8378
18.487,0.024479,0.0024933,1.8352
18.497,0.024454,0.0024897,1.8327
18.507,0.024429,0.0024862,1.8301
18.517,0.024405,0.0024826,1.8276
18.527,0.02438,0.0024791,1.8251
18.537,0.024355,0.0024755,1.8225
18.547,0.02433,0.002472,1.82
18.557,0.024306,0.0024684,1.8175
18.567,0.024281,0.0024649,1.815
18.577,0.024256,0.0024614,1.8125
18.587,0.024232,0.0024579,1.8099
18.597,0.024207,0.0024543,1.8074
18.607,0.024183,0.0024508,1.8049
18.617,0.024158,0.0024473,1.8024
18.627,0.024134,0.0024438,1.7999
18.637,0.024109,0.0024402,1.7974
18.647,0.024085,0.0024367,1.7949
18.657,0.024061,0.0024332,1.7924
18.667,0.024036,0.0024297,1.7899
18.677,0.024012,0.0024262,1.7874
18.687,0.023988,0.0024227,1.7849
18.697,0.023963,0.0024192,1.7824
18.707,0.023939,0.0024157,1.7799
18.717,0.023915,0.0024123,1.7774
18.727,0.023891,0.0024088,1.7749
18.737,0.023867,0.0024053,1.7724
18.747,0.023843,0.0024018,1.77
18.757,0.023819,0.0023983,1.7675
18.767,0.023795,0.0023949,1.765
18.777,0.023771,0.0023914,1.7625
18.787,0.023747,0.0023879,1.7601
18.797,0.023723,0.0023845,1.7576
18.807,0.0237,0.002381,1.7551
18.817,0.023676,0.0023776,1.7526
18.827,0.023652,0.0023741,1.7502
18.837,0.023628,0.0023707,1.7477
18.847,0.023605,0.0023672,1.7453
18.857,0.023581,0.0023638,1.7428
18.867,0.023557,0.0023603,1.7404
18.877,0.023534,0.0023569,1.7379
18.887,0.02351,0.0023535,1.7355
18.897,0.023487,0.00235,1.733
18.907,0.023463,0.0023466,1.7306
18.917,0.02344,0.0023432,1.7281
18.927,0.023416,0.0023398,1.7257
18.937,0.023393,0.0023363,1.7232
18.947,0.02337,0.0023329,1.7208
18.957,0.023346,0.0023295,1.7184
18.967,0.023323,0.0023261,1.7159
18.977,0.0233,0.0023227,1.7135
18.987,0.023277,0.0023193,1.7111
18.997,0.023253,0.0023159,1.7087
19.007,0.02323,0.0023125,1.7063
19.017,0.023207,0.0023091,1.7038
19.027,0.023184,0.0023057,1.7014
19.037,0.023161,0.0023024,1.699
19.047,0.023138,0.002299,1.6966
19.057,0.023115,0.0022956,1.6942
19.067,0.023092,0.0022922,1.6918
19.077,0.023069,0.0022888,1.6894
19.087,0.023046,0.0022855,1.687
19.097,0.023024,0.0022821,1.6846
19.107,0.023001,0.0022787,1.6822
19.117,0.022978,0.0022754,1.6799
19.127,0.022955,0.002272,1.6775
19.137,0.022933,0.0022687,1.6751
19.147,0.02291,0.0022653,1.6727
19.157,0.022887,0.002262,1.6704
19.167,0.022865,0.0022586,1.668
19.176,0.022842,0.0022553,1.6656
19.186,0.02282,0.002252,1.6633
19.196,0.022797,0.0022487,1.6609
19.206,0.022775,0.0022453,1.6586
19.216,0.022752,0.002242,1.6562
19.226,0.02273,0.0022387,1.6539
19.236,0.022707,0.0022354,1.6515
19.246,0.022685,0.0022321,1.6492
19.256,0.022663,0.0022288,1.6468
19.266,0.022641,0.0022255,1.6445
19.276,0.022618,0.0022222,1.6422
19.286,0.022596,0.0022189,1.6398
19.296,0.022574,0.0022156,1.6375
19.306,0.022552,0.0022123,1.6352
19.316,0.02253,0.002209,1.6329
19.326,0.022508,0.0022057,1.6306
19.336,0.022486,0.0022025,1.6283
19.346,0.022464,0.0021992,1.626
19.356,0.022442,0.0021959,1.6237
19.366,0.02242,0.0021927,1.6214
19.376,0.022398,0.0021894,1.6191
19.386,0.022376,0.0021862,1.6168
19.396,0.022354,0.0021829,1.6145
19.406,0.022332,0.0021797,1.6122
19.416,0.02231,0.0021765,1.6099
19.426,0.022289,0.0021732,1.6076
19.436,0.022267,0.00217,1.6054
19.446,0.022245,0.0021668,1.6031
19.456,0.022224,0.0021635,1.6008
19.466,0.022202,0.0021603,1.5986
19.476,0.02218,0.0021571,1.5963
19.486,0.022159,0.0021539,1.594
19.496,0.022137,0.0021507,1.5918
19.506,0.022116,0.0021475,1.5895
19.516,0.022094,0.0021443,1.5873
19.526,0.022073,0.0021411,1.585
19.536,0.022052,0.0021379,1.5828
19.546,0.02203,0.0021348,1.5805
19.556,0.022009,0.0021316,1.5783
19.566,0.021988,0.0021284,1.5761
19.576,0.021966,0.0021252,1.5738
19.586,0.021945,0.0021221,1.5716
19.596,0.021924,0.0021189,1.5694
19.606,0.021903,0.0021157,1.5671
19.616,0.021882,0.0021126,1.5649
19.626,0.021861,0.0021094,1.5627
19.636,0.021839,0.0021063,1.5605
19.646,0.021818,0.0021031,1.5583
19.656,0.021797,0.0021,1.5561
19.666,0.021776,0.0020969,1.5538
19.676,0.021755,0.0020937,1.5516
19.686,0.021735,0.0020906,1.5494
19.696,0.021714,0.0020875,1.5472
19.706,0.021693,0.0020844,1.545
19.716,0.021672,0.0020813,1.5428
19.726,0.021651,0.0020781,1.5406
19.736,0.02163,0.002075,1.5384
19.746,0.02161,0.0020719,1.5362
19.756,0.021589,0.0020688,1.534
19.766,0.021568,0.0020657,1.5318
19.776,0.021548,0.0020626,1.5296
19.786,0.021527,0.0020595,1.5275
19.796,0.021507,0.0020564,1.5253
19.806,0.021486,0.0020533,1.5231
19.816,0.021465,0.0020503,1.5209
19.826,0.021445,0.0020472,1.5187
19.836,0.021425,0.0020441,1.5165
19.846,0.021404,0.002041,1.5143
19.856,0.021384,0.002038,1.5122
19.866,0.021363,0.0020349,1.51
19.876,0.021343,0.0020318,1.5078
19.886,0.021323,0.0020288,1.5056
19.896,0.021302,0.0020257,1.5035
19.906,0.021282,0.0020226,1.5013
19.916,0.021262,0.0020196,1.4991
19.926,0.021242,0.0020165,1.4969
19.936,0.021222,0.0020135,1.4948
19.946,0.021202,0.0020104,1.4926
19.956,0.021181,0.0020074,1.4904
19.966,0.021161,0.0020043,1.4883
19.976,0.021141,0.0020013,1.4861
19.986,0.021121,0.0019982,1.4839
19.996,0.021101,0.0019952,1.4818
20.006,0.021082,0.0019922,1.4796
20.016,0.021062,0.0019891,1.4775
20.026,0.021042,0.0019861,1.4753
20.036,0.021022,0.0019831,1.4731
20.046,0.021002,0.00198,1.471
20.056,0.020982,0.001977,1.4688
20.066,0.020963,0.001974,1.4667
20.076,0.020943,0.001971,1.4645
20.086,0.020923,0.001968,1.4623
20.096,0.020903,0.001965,1.4602
20.106,0.020884,0.0019619,1.458
20.116,0.020864,0.0019589,1.4559
20.126,0.020845,0.0019559,1.4537
20.136,0.020825,0.0019529,1.4516
20.146,0.020806,0.0019499,1.4494
20.156,0.020786,0.0019469,1.4473
20.166,0.020767,0.0019439,1.4451
20.176,0.020747,0.0019409,1.443
20.186,0.020728,0.0019379,1.4408
20.196,0.020709,0.0019349,1.4387
20.206,0.020689,0.0019319,1.4365
20.216,0.02067,0.0019289,1.4344
20.226,0.020651,0.001926,1.4323
20.236,0.020631,0.001923,1.4301
20.246,0.020612,0.00192,1.428
20.256,0.020593,0.001917,1.4258
20.266,0.020574,0.0019141,1.4237
20.276,0.020555,0.0019111,1.4216
20.286,0.020536,0.0019081,1.4194
20.296,0.020517,0.0019052,1.4173
20.306,0.020498,0.0019022,1.4152
20.316,0.020479,0.0018992,1.413
20.326,0.02046,0.0018963,1.4109
20.336,0.020441,0.0018933,1.4088
20.346,0.020422,0.0018904,1.4067
20.356,0.020403,0.0018874,1.4045
20.366,0.020384,0.0018845,1.4024
20.376,0.020365,0.0018816,1.4003
20.386,0.020346,0.0018786,1.3982
20.396,0.020328,0.0018757,1.3961
20.406,0.020309,0.0018728,1.3939
20.416,0.02029,0.0018698,1.3918
20.426,0.020271,0.0018669,1.3897
20.436,0.020253,0.001864,1.3876
20.446,0.020234,0.0018611,1.3855
20.456,0.020216,0.0018581,1.3834
20.466,0.020197,0.0018552,1.3813
20.476,0.020178,0.0018523,1.3792
20.486,0.02016,0.0018494,1.3771
20.496,0.020141,0.0018465,1.375
20.506,0.020123,0.0018436,1.3729
20.516,0.020105,0.0018407,1.3708
20.526,0.020086,0.0018378,1.3687
20.536,0.020068,0.0018349,1.3666
20.546,0.02005,0.001832,1.3645
20.556,0.020031,0.0018292,1.3625
20.566,0.020013,0.0018263,1.3604
20.576,0.019995,0.0018234,1.3583
20.586,0.019976,0.0018205,1.3562
20.596,0.019958,0.0018177,1.3541
20.606,0.01994,0.0018148,1.3521
20.616,0.019922,0.001812,1.35
20.626,0.019904,0.0018091,1.3479
20.636,0.019886,0.0018063,1.3459
20.646,0.019868,0.0018034,1.3438
20.656,0.01985,0.0018006,1.3417
20.666,0.019832,0.0017977,1.3397
20.676,0.019814,0.0017949,1.3376
20.686,0.019796,0.0017921,1.3356
20.696,0.019778,0.0017892,1.3335
20.706,0.01976,0.0017864,1.3315
20.716,0.019742,0.0017836,1.3295
20.726,0.019724,0.0017808,1.3274
20.736,0.019707,0.001778,1.3254
20.746,0.019689,0.0017752,1.3233
20.756,0.019671,0.0017724,1.3213
20.766,0.019653,0.0017696,1.3193
20.776,0.019636,0.0017668,1.3173
20.786,0.019618,0.001764,1.3153
20.796,0.019601,0.0017612,1.3132
20.806,0.019583,0.0017585,1.3112
20.816,0.019565,0.0017557,1.3092
20.826,0.019548,0.0017529,1.3072
20.836,0.01953,0.0017502,1.3052
20.846,0.019513,0.0017474,1.3032
20.856,0.019495,0.0017447,1.3012
20.866,0.019478,0.0017419,1.2992
20.876,0.019461,0.0017392,1.2972
20.886,0.019443,0.0017364,1.2953
20.896,0.019426,0.0017337,1.2933
20.906,0.019408,0.001731,1.2913
20.916,0.019391,0.0017283,1.2893
20.926,0.019374,0.0017256,1.2874
20.936,0.019357,0.0017229,1.2854
20.946,0.019339,0.0017202,1.2834
20.956,0.019322,0.0017175,1.2815
20.966,0.019305,0.0017148,1.2795
20.976,0.019288,0.0017121,1.2776
20.986,0.019271,0.0017094,1.2756
20.996,0.019254,0.0017067,1.2737
21.006,0.019237,0.001704,1.2718
21.016,0.01922,0.0017014,1.2698
21.026,0.019203,0.0016987,1.2679
21.036,0.019186,0.0016961,1.266
21.046,0.019169,0.0016934,1.2641
21.056,0.019152,0.0016908,1.2622
21.066,0.019135,0.0016881,1.2602
21.076,0.019118,0.0016855,1.2583
21.086,0.019101,0.0016829,1.2564
21.096,0.019084,0.0016803,1.2546
21.106,0.019068,0.0016777,1.2527
21.116,0.019051,0.001675,1.2508
21.126,0.019034,0.0016724,1.2489
21.136,0.019018,0.0016699,1.247
21.146,0.019001,0.0016673,1.2451
21.156,0.018984,0.0016647,1.2433
21.166,0.018968,0.0016621,1.2414
21.176,0.018951,0.0016595,1.2396
21.186,0.018934,0.001657,1.2377
21.196,0.018918,0.0016544,1.2359
21.206,0.018901,0.0016519,1.234
21.216,0.018885,0.0016493,1.2322
21.226,0.018868,0.0016468,1.2303
21.236,0.018852,0.0016443,1.2285
21.246,0.018835,0.0016417,1.2267
21.256,0.018819,0.0016392,1.2249
21.266,0.018803,0.0016367,1.2231
21.276,0.018786,0.0016342,1.2213
21.286,0.01877,0.0016317,1.2195
21.296,0.018754,0.0016292,1.2177
21.306,0.018737,0.0016267,1.2159
21.316,0.018721,0.0016242,1.2141
21.326,0.018705,0.0016218,1.2123
21.336,0.018689,0.0016193,1.2105
21.346,0.018673,0.0016169,1.2087
21.356,0.018656,0.0016144,1.207
21.366,0.01864,0.001612,1.2052
21.376,0.018624,0.0016095,1.2035
21.386,0.018608,0.0016071,1.2017
21.396,0.018592,0.0016047,1.2
21.406,0.018576,0.0016023,1.1982
21.416,0.01856,0.0015998,1.1965
21.426,0.018544,0.0015974,1.1948
21.436,0.018528,0.001595,1.193
21.446,0.018512,0.0015927,1.1913
21.456,0.018496,0.0015903,1.1896
21.466,0.01848,0.0015879,1.1879
21.476,0.018464,0.0015855,1.1862
21.486,0.018449,0.0015832,1.1845
21.496,0.018433,0.0015808,1.1828
21.506,0.018417,0.0015785,1.1811
21.516,0.018401,0.0015761,1.1794
21.526,0.018385,0.0015738,1.1777
21.536,0.01837,0.0015715,1.1761
21.546,0.018354,0.0015691,1.1744
21.556,0.018338,0.0015668,1.1727
21.566,0.018323,0.0015645,1.1711
21.576,0.018307,0.0015622,1.1694
21.586,0.018291,0.0015599,1.1678
21.596,0.018276,0.0015576,1.1661
21.606,0.01826,0.0015554,1.1645
21.616,0.018245,0.0015531,1.1628
21.626,0.018229,0.0015508,1.1612
21.636,0.018214,0.0015486,1.1596
21.646,0.018198,0.0015463,1.158
21.656,0.018183,0.0015441,1.1564
21.666,0.018167,0.0015418,1.1547
21.676,0.018152,0.0015396,1.1531
21.686,0.018137,0.0015374,1.1515
21.696,0.018121,0.0015351,1.1499
21.706,0.018106,0.0015329,1.1484
21.716,0.018091,0.0015307,1.1468
21.726,0.018075,0.0015285,1.1452
21.736,0.01806,0.0015263,1.1436
21.746,0.018045,0.0015241,1.142
21.756,0.01803,0.001522,1.1405
21.766,0.018014,0.0015198,1.1389
21.776,0.017999,0.0015176,1.1374
21.786,0.017984,0.0015155,1.1358
21.796,0.017969,0.0015133,1.1342
21.806,0.017954,0.0015112,1.1327
21.816,0.017939,0.001509,1.1312
21.826,0.017924,0.0015069,1.1296
21.836,0.017909,0.0015048,1.1281
21.846,0.017893,0.0015026,1.1266
21.856,0.017878,0.0015005,1.125
21.866,0.017863,0.0014984,1.1235
21.876,0.017849,0.0014963,1.122
21.886,0.017834,0.0014942,1.1205
21.896,0.017819,0.0014921,1.119
21.906,0.017804,0.00149,1.1175
21.916,0.017789,0.0014879,1.116
21.926,0.017774,0.0014859,1.1145
21.936,0.017759,0.0014838,1.113
21.946,0.017744,0.0014817,1.1115
21.956,0.017729,0.0014797,1.11
21.966,0.017715,0.0014776,1.1085
21.976,0.0177,0.0014756,1.1071
21.986,0.017685,0.0014735,1.1056
21.996,0.01767,0.0014715,1.1041
22.006,0.017656,0.0014695,1.1027
22.016,0.017641,0.0014674,1.1012
22.026,0.017626,0.0014654,1.0998
22.036,0.017612,0.0014634,1.0983
22.046,0.017597,0.0014614,1.0968
22.056,0.017583,0.0014594,1.0954
22.066,0.017568,0.0014574,1.094
22.076,0.017553,0.0014554,1.0925
22.086,0.017539,0.0014534,1.0911
22.096,0.017524,0.0014514,1.0897
22.106,0.01751,0.0014494,1.0882
22.116,0.017495,0.0014474,1.0868
22.126,0.017481,0.0014455,1.0854
22.136,0.017466,0.0014435,1.084
22.146,0.017452,0.0014415,1.0825
22.156,0.017438,0.0014396,1.0811
22.166,0.017423,0.0014376,1.0797
22.176,0.017409,0.0014357,1.0783
22.186,0.017395,0.0014337,1.0769
22.196,0.01738,0.0014318,1.0755
22.206,0.017366,0.0014299,1.0741
22.216,0.017352,0.0014279,1.0727
22.226,0.017337,0.001426,1.0713
22.236,0.017323,0.0014241,1.0699
22.246,0.017309,0.0014222,1.0685
22.256,0.017295,0.0014203,1.0671
22.266,0.017281,0.0014184,1.0658
22.276,0.017266,0.0014165,1.0644
22.286,0.017252,0.0014146,1.063
22.296,0.017238,0.0014127,1.0616
22.306,0.017224,0.0014108,1.0603
22.316,0.01721,0.0014089,1.0589
22.326,0.017196,0.001407,1.0575
22.336,0.017182,0.0014051,1.0561
22.346,0.017168,0.0014032,1.0548
22.356,0.017154,0.0014014,1.0534
22.366,0.01714,0.0013995,1.0521
22.376,0.017126,0.0013976,1.0507
22.386,0.017112,0.0013958,1.0494
22.396,0.017098,0.0013939,1.048
22.406,0.017084,0.001392,1.0466
22.416,0.01707,0.0013902,1.0453
22.426,0.017056,0.0013883,1.0439
22.436,0.017042,0.0013865,1.0426
22.446,0.017028,0.0013847,1.0413
22.456,0.017014,0.0013828,1.0399
22.466,0.017001,0.001381,1.0386
22.476,0.016987,0.0013791,1.0372
22.486,0.016973,0.0013773,1.0359
22.496,0.016959,0.0013755,1.0346
22.506,0.016946,0.0013736,1.0332
22.516,0.016932,0.0013718,1.0319
22.526,0.016918,0.00137,1.0306
22.536,0.016904,0.0013682,1.0292
22.546,0.016891,0.0013664,1.0279
22.556,0.016877,0.0013645,1.0266
22.566,0.016863,0.0013627,1.0253
22.576,0.01685,0.0013609,1.0239
22.586,0.016836,0.0013591,1.0226
22.596,0.016823,0.0013573,1.0213
22.606,0.016809,0.0013555,1.02
22.616,0.016796,0.0013537,1.0187
22.626,0.016782,0.0013519,1.0173
22.636,0.016769,0.0013501,1.016
22.646,0.016755,0.0013483,1.0147
22.656,0.016742,0.0013465,1.0134
22.666,0.016728,0.0013447,1.0121
22.676,0.016715,0.001343,1.0108
22.686,0.016701,0.0013412,1.0094
22.696,0.016688,0.0013394,1.0081
22.706,0.016675,0.0013376,1.0068
22.716,0.016661,0.0013358,1.0055
22.726,0.016648,0.001334,1.0042
22.736,0.016634,0.0013323,1.0029
22.746,0.016621,0.0013305,1.0016
22.756,0.016608,0.0013287,1.0003
22.766,0.016595,0.001327,0.99899
22.776,0.016581,0.0013252,0.99769
22.786,0.016568,0.0013234,0.99639
22.796,0.016555,0.0013217,0.99509
22.806,0.016542,0.0013199,0.99379
22.816,0.016528,0.0013182,0.99249
22.826,0.016515,0.0013164,0.99119
22.836,0.016502,0.0013147,0.98989
22.846,0.016489,0.0013129,0.9886
22.856,0.016476,0.0013112,0.9873
22.866,0.016463,0.0013094,0.98601
22.876,0.01645,0.0013077,0.98471
22.886,0.016437,0.0013059,0.98342
22.896,0.016424,0.0013042,0.98213
22.906,0.016411,0.0013024,0.98084
22.916,0.016398,0.0013007,0.97955
22.926,0.016385,0.001299,0.97827
22.936,0.016372,0.0012972,0.97698
22.946,0.016359,0.0012955,0.97569
22.956,0.016346,0.0012938,0.97441
22.966,0.016333,0.001292,0.97313
22.976,0.01632,0.0012903,0.97184
22.986,0.016307,0.0012886,0.97056
22.996,0.016294,0.0012869,0.96928
23.006,0.016281,0.0012851,0.96801
23.016,0.016268,0.0012834,0.96673
23.026,0.016256,0.0012817,0.96545
23.036,0.016243,0.00128,0.96418
23.046,0.01623,0.0012783,0.9629
23.056,0.016217,0.0012766,0.96163
23.066,0.016204,0.0012748,0.96036
23.076,0.016192,0.0012731,0.95909
23.086,0.016179,0.0012714,0.95782
23.096,0.016166,0.0012697,0.95655
23.106,0.016154,0.001268,0.95528
23.116,0.016141,0.0012663,0.95402
23.126,0.016128,0.0012646,0.95276
23.136,0.016116,0.0012629,0.95149
23.146,0.016103,0.0012612,0.95023
23.156,0.01609,0.0012595,0.94897
23.166,0.016078,0.0012578,0.94771
23.176,0.016065,0.0012561,0.94645
23.186,0.016053,0.0012544,0.94519
23.196,0.01604,0.0012527,0.94394
23.206,0.016028,0.0012511,0.94268
23.216,0.016015,0.0012494,0.94143
23.226,0.016003,0.0012477,0.94018
23.236,0.01599,0.001246,0.93892
23.246,0.015978,0.0012443,0.93767
23.256,0.015965,0.0012427,0.93642
23.266,0.015953,0.001241,0.93518
23.276,0.01594,0.0012393,0.93393
23.286,0.015928,0.0012376,0.93268
23.296,0.015916,0.0012359,0.93144
23.306,0.015903,0.0012343,0.93019
23.316,0.015891,0.0012326,0.92895
23.326,0.015879,0.0012309,0.92771
23.336,0.015866,0.0012293,0.92647
23.346,0.015854,0.0012276,0.92523
23.356,0.015842,0.0012259,0.92399
23.366,0.01583,0.0012243,0.92275
23.376,0.015817,0.0012226,0.92151
23.386,0.015805,0.001221,0.92028
23.396,0.015793,0.0012193,0.91904
23.406,0.015781,0.0012176,0.91781
23.416,0.015769,0.001216,0.91658
23.426,0.015757,0.0012143,0.91535
23.436,0.015744,0.0012127,0.91411
23.446,0.015732,0.001211,0.91288
23.456,0.01572,0.0012094,0.91166
23.466,0.015708,0.0012077,0.91043
23.476,0.015696,0.0012061,0.9092
23.486,0.015684,0.0012044,0.90798
23.496,0.015672,0.0012028,0.90675
23.506,0.01566,0.0012011,0.90553
23.516,0.015648,0.0011995,0.90431
23.526,0.015636,0.0011979,0.90308
23.536,0.015624,0.0011962,0.90186
23.546,0.015612,0.0011946,0.90064
23.556,0.0156,0.0011929,0.89943
23.566,0.015588,0.0011913,0.89821
23.576,0.015576,0.0011897,0.89699
23.586,0.015564,0.001188,0.89578
23.596,0.015552,0.0011864,0.89457
23.606,0.015541,0.0011848,0.89335
23.616,0.015529,0.0011831,0.89214
23.626,0.015517,0.0011815,0.89093
23.636,0.015505,0.0011799,0.88972
23.646,0.015493,0.0011783,0.88851
23.656,0.015482,0.0011766,0.88731
23.666,0.01547,0.0011766,0.8861
